datetime,s1362130400010,s303041283308010,s303041283308020,s303041283308030,s303041283308040,s303041283308050,s303041283308060,s303041283308080,s303041283308110,s303041283308140,s303041283308150,s303041283308160,s303041283308170,s303041283308180,s303041283308190,s303041283308200,s303041283308210,s303041283308220,s303041283308230,s303041283308240,s303041283308250,s303041283308300,s303041283309010,s303041283309040,s303041283309060,s303041283309061,s303041283309070,s303041283309080,s303041283309081,s303041283309090,s303041283309091,s303041283309100,s303041283309101,s303041283309110,s303041283309120,s303041283309140,s303041283309180,s303041283309200,s303041283320010,s303041283320030,s303041283320040,s303041283320050
2019/10/01 01:00,,-3.50,-0.02,1.16,0.47,1.61,4.01,5.72,0.45,-0.16,0.15,-0.11,-0.38,-1.32,-0.21,-0.12,-1.33,0.29,0.27,1.05,-0.40,-4.32,0.36,0.35,0.32,0.35,0.37,0.34,0.47,0.40,0.33,0.34,0.34,0.34,0.34,1.53,0.34,0.31,0.48,0.53,1.26,0.54
2019/10/01 02:00,,-3.50,-0.04,1.15,0.47,1.61,4.00,5.72,0.45,-0.15,0.15,-0.11,-0.39,-1.32,-0.21,-0.12,-1.33,0.29,0.27,1.05,-0.40,-4.32,0.24,0.31,0.29,0.28,0.40,0.43,0.48,0.49,0.48,0.49,0.48,0.55,0.57,1.52,0.30,0.57,0.49,0.53,1.26,0.54
2019/10/01 03:00,,-3.50,-0.02,1.14,0.47,1.61,4.00,5.72,0.45,-0.15,0.15,-0.11,-0.39,-1.32,-0.21,-0.12,-1.33,0.29,0.27,1.05,-0.40,-4.32,0.49,0.60,0.60,0.58,0.73,0.75,0.78,0.83,0.84,0.83,0.83,0.89,0.91,1.51,0.60,0.96,0.49,0.53,1.26,0.54
2019/10/01 04:00,,-3.50,-0.05,1.14,0.46,1.61,4.00,5.72,0.45,-0.15,0.15,-0.11,-0.39,-1.32,-0.21,-0.12,-1.33,0.29,0.27,1.05,-0.40,-4.32,1.02,1.08,1.07,1.04,1.13,1.18,1.16,1.25,1.28,1.22,1.22,1.33,1.38,1.51,1.08,1.40,0.49,0.54,1.27,0.53
2019/10/01 05:00,,-3.50,-0.04,1.13,0.46,1.61,4.01,5.72,0.45,-0.15,0.16,-0.12,-0.39,-1.33,-0.21,-0.12,-1.33,0.29,0.26,1.05,-0.40,-4.32,1.55,1.60,1.58,1.55,1.64,1.66,1.60,1.72,1.74,1.66,1.65,1.75,1.78,1.55,1.60,1.80,0.50,0.53,1.27,0.53
2019/10/01 06:00,,-3.50,-0.04,1.13,0.45,1.62,4.03,5.72,0.45,-0.15,0.16,-0.09,-0.39,-1.33,-0.21,-0.12,-1.33,0.29,0.26,1.05,-0.40,-4.33,2.04,2.04,2.02,1.99,2.05,2.03,1.95,2.09,2.07,1.99,1.98,2.06,2.04,1.94,2.04,2.04,0.49,0.53,1.27,0.53
2019/10/01 07:00,,-3.50,-0.04,1.14,0.45,1.63,4.05,5.72,0.45,-0.15,0.16,-0.08,-0.40,-1.33,-0.21,-0.12,-1.33,0.29,0.26,1.05,-0.40,-4.33,2.34,2.32,2.28,2.28,2.26,2.20,2.13,2.26,2.20,2.14,2.12,2.12,2.09,2.27,2.31,2.04,0.49,0.53,1.27,0.53
2019/10/01 08:00,,-3.50,-0.04,1.13,0.45,1.63,4.07,5.70,0.45,-0.15,0.16,-0.06,-0.40,-1.33,-0.22,-0.12,-1.33,0.29,0.26,1.05,-0.40,-4.33,2.31,2.26,2.23,2.24,2.16,2.07,2.01,2.13,2.04,1.99,1.98,1.94,1.89,2.42,2.25,1.84,0.49,0.53,1.26,0.53
2019/10/01 09:00,,-3.50,-0.04,1.13,0.45,1.65,4.09,5.69,0.45,-0.15,0.16,-0.04,-0.39,-1.33,-0.22,-0.13,-1.33,0.29,0.26,1.05,-0.40,-4.33,1.94,1.90,1.85,1.89,1.83,1.74,1.76,1.79,1.71,1.69,1.70,1.63,1.58,2.26,1.89,1.49,0.48,0.52,1.27,0.53
2019/10/01 10:00,,-3.50,-0.04,1.13,0.45,1.65,4.10,5.69,0.44,-0.15,0.15,-0.03,-0.38,-1.33,-0.22,-0.13,-1.34,0.29,0.26,1.05,-0.40,-4.33,1.52,1.49,1.44,1.48,1.44,1.37,1.44,1.42,1.32,1.33,1.33,1.27,1.22,2.01,1.48,1.12,0.50,0.52,1.26,0.53
2019/10/01 11:00,,-3.49,-0.04,1.14,0.45,1.66,4.11,5.69,0.44,-0.15,0.15,-0.02,-0.38,-1.33,-0.22,-0.13,-1.34,0.29,0.26,1.05,-0.40,-4.33,1.16,1.13,1.08,1.12,1.08,1.02,1.13,1.07,0.98,0.99,0.99,0.93,0.88,1.75,1.12,0.80,0.49,,1.25,
2019/10/01 12:00,,-3.49,-0.04,1.14,0.45,1.66,4.11,5.69,0.44,-0.09,0.15,-0.02,-0.38,-1.33,-0.22,-0.13,-1.34,0.29,0.26,1.05,-0.40,-4.33,0.84,0.82,0.78,0.81,0.81,0.75,0.87,0.80,0.72,0.74,0.73,0.68,0.65,1.59,0.81,0.59,0.48,0.52,1.24,0.53
2019/10/01 13:00,,-3.49,-0.04,1.14,0.45,1.66,4.11,5.69,0.44,-0.06,0.17,-0.02,-0.38,-1.33,-0.22,-0.12,-1.34,0.29,0.26,1.05,-0.40,-4.33,0.61,0.60,0.56,0.58,0.61,0.58,0.69,0.64,0.57,0.59,0.58,0.53,0.56,1.54,0.59,0.53,0.49,0.52,1.24,0.53
2019/10/01 14:00,,-3.49,-0.04,1.13,0.45,1.66,4.11,5.70,0.45,-0.12,0.25,-0.01,-0.39,-1.33,-0.22,-0.12,-1.34,0.29,0.26,1.06,-0.40,-4.33,0.47,0.51,0.48,0.49,0.59,0.59,0.65,0.65,0.63,0.66,0.65,0.68,0.69,1.53,0.50,0.67,0.47,0.51,1.22,0.53
2019/10/01 15:00,,-3.49,-0.04,1.13,0.45,1.66,4.11,5.70,0.45,-0.17,0.20,0.00,-0.39,-1.33,-0.22,-0.12,-1.34,0.29,0.26,1.06,-0.40,-4.33,0.62,0.70,0.70,0.68,0.82,0.85,0.88,0.93,0.93,0.93,0.92,0.98,1.00,1.53,0.70,0.99,0.56,0.51,1.22,0.53
2019/10/01 16:00,,-3.49,-0.01,1.13,0.45,1.66,4.11,5.72,0.45,-0.19,0.16,-0.01,-0.40,-1.33,-0.22,-0.13,-1.33,0.29,0.26,1.06,-0.40,-4.33,1.08,1.15,1.15,1.10,1.26,1.28,1.27,1.35,1.36,1.32,1.31,1.39,1.43,1.52,1.15,1.44,0.53,0.51,1.22,0.53
2019/10/01 17:00,,-3.50,-0.05,1.13,0.45,1.66,4.11,5.71,0.45,-0.22,0.14,-0.01,-0.40,-1.33,-0.22,-0.13,-1.33,0.29,0.26,1.06,-0.40,-4.33,1.64,1.69,1.68,1.64,1.73,1.75,1.69,1.81,1.81,1.73,1.71,1.81,1.83,1.57,1.69,1.82,0.54,0.53,1.23,0.53
2019/10/01 18:00,,-3.50,-0.02,1.14,0.45,1.66,4.10,5.72,0.45,-0.21,0.11,-0.02,-0.40,-1.33,-0.22,-0.13,-1.33,0.29,0.26,1.05,-0.40,-4.33,2.14,2.13,2.10,2.08,2.11,2.09,2.01,2.14,2.10,2.04,2.02,2.08,2.06,2.03,2.13,2.03,0.54,0.52,1.23,0.52
2019/10/01 19:00,,-3.50,-0.04,1.14,0.45,1.66,4.09,5.71,0.45,-0.19,0.09,-0.03,-0.40,-1.33,-0.22,-0.13,-1.33,0.29,0.26,1.05,-0.40,-4.33,2.38,2.34,2.31,2.31,2.26,2.19,2.11,2.23,2.16,2.12,2.10,2.08,2.03,2.36,2.34,1.98,0.54,0.52,1.23,0.52
2019/10/01 20:00,,-3.50,,1.13,0.45,1.64,4.08,5.71,0.44,-0.17,0.09,-0.05,-0.40,-1.33,-0.22,-0.13,-1.33,0.29,0.26,1.05,-0.40,-4.33,2.24,2.17,2.13,2.16,2.07,1.97,1.93,2.01,1.93,1.91,1.90,1.84,1.77,2.42,2.17,1.70,0.54,0.52,1.23,0.52
2019/10/01 21:00,,-3.49,-0.04,1.14,0.45,1.63,4.07,5.71,0.44,-0.17,0.10,-0.06,-0.39,-1.34,-0.22,-0.13,-1.33,0.29,0.26,1.05,-0.40,-4.33,1.81,1.76,1.70,1.76,1.67,1.60,1.63,1.64,1.55,1.57,1.60,1.49,1.41,2.21,1.75,1.32,0.54,0.52,1.22,0.52
2019/10/01 22:00,,-3.50,-0.04,1.13,0.44,1.63,4.06,5.70,0.44,-0.16,0.12,-0.06,-0.39,-1.34,-0.22,-0.13,-1.33,0.28,0.26,1.05,-0.40,-4.33,1.39,1.35,1.29,1.35,1.30,1.22,1.30,1.25,1.15,1.18,1.20,1.10,1.03,1.95,1.34,0.91,0.54,0.51,1.21,0.52
2019/10/01 23:00,,-3.53,-0.04,1.13,0.44,1.63,4.06,5.70,0.44,-0.17,0.12,-0.06,-0.39,-1.33,-0.22,-0.13,-1.33,0.28,0.26,1.05,-0.40,-4.34,1.03,0.99,0.93,0.99,0.94,0.87,0.99,0.90,0.80,0.83,0.83,0.75,0.68,1.70,0.98,0.58,0.54,0.51,1.22,0.52
2019/10/02 00:00,,-3.53,-0.04,1.13,0.44,1.62,4.06,5.70,0.44,-0.17,0.13,-0.07,-0.39,-1.33,-0.22,-0.13,-1.33,0.28,0.26,1.05,-0.40,-4.34,0.71,0.68,0.63,0.68,0.64,0.58,0.72,0.62,0.51,0.56,0.60,0.47,0.41,1.56,0.67,0.31,0.54,0.51,1.21,0.52
2019/10/02 01:00,,-3.53,-0.04,1.13,0.44,1.62,4.05,5.71,0.44,-0.17,0.13,-0.07,-0.39,-1.33,-0.22,-0.13,-1.33,0.28,0.26,1.04,-0.40,-4.34,0.44,0.43,0.38,0.42,0.43,0.37,0.52,0.42,0.33,0.36,0.38,0.30,0.27,1.52,0.42,0.19,0.54,0.51,1.21,0.52
2019/10/02 02:00,,-3.53,-0.04,1.13,0.44,1.62,4.06,5.71,0.44,-0.17,0.13,-0.07,-0.39,-1.33,-0.22,-0.13,-1.33,0.28,0.25,1.04,-0.40,-4.34,0.25,0.25,0.23,0.25,0.31,0.29,0.40,0.35,0.32,0.32,0.31,0.34,0.35,1.54,0.24,0.32,0.54,0.51,1.21,0.52
2019/10/02 03:00,,-3.53,-0.05,1.13,0.44,1.62,4.06,5.71,0.44,-0.17,0.13,-0.07,-0.40,-1.33,-0.22,-0.13,-1.33,0.28,0.25,1.04,-0.40,-4.34,0.24,0.33,0.32,0.32,0.45,0.48,0.52,0.55,0.55,0.55,0.54,0.61,0.63,1.54,0.33,0.65,0.54,0.51,1.21,0.52
2019/10/02 04:00,,-3.53,-0.05,1.11,0.44,1.62,4.06,5.70,0.44,-0.17,0.13,-0.07,-0.40,-1.33,-0.22,-0.13,-1.33,0.28,0.25,1.04,-0.40,-4.34,0.61,0.70,0.70,0.68,0.79,0.81,0.83,0.89,0.90,0.88,0.88,0.96,1.01,1.51,0.70,1.04,0.53,0.51,1.21,0.52
2019/10/02 05:00,,-3.53,-0.06,1.11,0.44,1.62,4.06,5.71,0.44,-0.17,0.12,-0.07,-0.40,-1.33,-0.22,-0.13,-1.33,0.28,0.25,1.04,-0.40,-4.34,1.11,1.17,1.16,1.12,1.24,1.25,1.22,1.32,1.34,1.27,1.26,1.37,1.41,1.51,1.17,1.43,0.54,0.51,1.21,0.52
2019/10/02 06:00,,-3.53,-0.06,1.10,0.43,1.62,4.06,5.71,0.44,-0.18,0.12,-0.07,-0.40,-1.34,-0.22,-0.13,-1.33,0.28,0.25,1.04,-0.40,-4.35,1.60,1.64,1.62,1.59,1.66,1.68,1.62,1.74,1.75,1.67,1.65,1.74,1.75,1.55,1.63,1.75,0.54,0.51,1.21,0.52
2019/10/02 07:00,,-3.53,-0.06,1.11,0.43,1.62,4.06,5.71,0.44,-0.18,0.12,-0.07,-0.40,-1.34,-0.22,-0.13,-1.33,0.28,0.25,1.04,-0.40,-4.35,2.02,2.01,1.98,1.97,2.01,1.99,1.91,2.04,2.02,1.94,1.92,1.98,1.95,1.96,2.01,1.94,0.53,0.51,1.21,0.52
2019/10/02 08:00,,-3.53,-0.06,1.11,0.42,1.62,4.07,5.70,0.44,-0.18,0.12,-0.07,-0.41,-1.34,-0.22,-0.13,-1.34,0.28,0.25,1.04,-0.40,-4.35,2.24,2.19,2.16,2.16,2.14,2.07,2.00,2.12,2.06,2.00,1.98,1.97,1.94,2.21,2.19,1.89,0.53,0.51,1.21,0.52
2019/10/02 09:00,,-3.53,-0.06,1.10,0.42,1.62,4.07,5.68,0.44,-0.18,0.12,-0.06,-0.40,-1.34,-0.22,-0.13,-1.34,0.28,0.25,1.04,-0.40,-4.35,2.10,2.06,2.03,2.05,2.00,1.91,1.88,1.97,1.89,1.84,1.84,1.79,1.75,2.25,2.06,1.68,0.53,0.49,1.21,0.52
2019/10/02 10:00,,-3.53,-0.06,1.11,0.43,1.62,4.07,5.68,0.44,-0.19,0.11,-0.06,-0.39,-1.34,-0.22,-0.14,-1.34,0.28,0.25,1.04,-0.41,-4.35,1.75,1.71,1.67,1.71,1.66,1.60,1.63,1.65,1.57,1.56,1.57,1.50,1.46,2.09,1.71,1.39,0.52,0.50,1.21,0.52
2019/10/02 11:00,,-3.53,-0.06,1.11,0.43,1.62,4.07,5.68,0.44,-0.19,0.11,-0.06,-0.39,-1.34,-0.22,-0.13,-1.34,0.28,0.25,1.04,-0.41,-4.35,1.39,1.36,1.31,1.36,1.34,1.26,1.34,1.31,1.24,1.24,1.24,1.20,1.16,1.85,1.35,1.10,0.53,0.51,1.21,0.52
2019/10/02 12:00,,-3.53,-0.06,1.11,0.43,1.62,4.07,5.69,0.44,-0.19,0.11,-0.06,-0.39,-1.34,-0.22,-0.13,-1.34,0.28,0.25,1.04,-0.41,-4.35,1.08,1.07,1.02,1.06,1.05,0.98,1.08,1.03,0.96,0.97,0.97,0.92,0.90,1.67,1.06,0.83,0.53,0.50,1.21,0.52
2019/10/02 13:00,,-3.53,-0.06,1.11,0.43,1.61,4.08,5.69,0.44,-0.19,0.11,-0.05,-0.39,-1.33,-0.22,-0.13,-1.34,0.28,0.25,1.04,-0.41,-4.35,0.83,0.82,0.79,0.81,0.83,0.80,0.89,0.86,0.80,0.82,0.80,0.78,0.77,1.55,0.82,0.71,0.53,0.50,1.22,0.52
2019/10/02 14:00,,-3.53,-0.06,1.11,0.43,1.62,4.08,5.69,0.44,-0.19,0.10,-0.05,-0.40,-1.33,-0.22,-0.13,-1.34,0.28,0.25,1.05,-0.41,-4.35,0.69,0.70,0.68,0.69,0.76,0.74,0.81,0.80,0.76,0.79,0.77,0.78,0.78,1.53,0.70,0.77,0.53,0.51,1.21,0.52
2019/10/02 15:00,,-3.54,-0.06,1.11,0.43,1.62,4.07,5.69,0.44,-0.19,0.10,-0.05,-0.40,-1.34,-0.22,-0.13,-1.34,0.28,0.25,1.05,-0.41,-4.35,0.74,0.78,0.78,0.77,0.87,0.88,0.93,0.94,0.93,0.96,0.93,0.99,1.00,1.52,0.78,0.99,0.53,0.50,1.21,0.52
2019/10/02 16:00,,-3.53,-0.06,1.11,0.43,1.61,4.07,5.70,0.44,-0.19,0.10,-0.05,-0.40,-1.34,-0.22,-0.13,-1.33,0.28,0.25,1.05,-0.41,-4.35,1.06,1.12,1.11,1.09,1.18,1.21,1.23,1.29,1.28,1.26,1.25,1.30,1.32,1.52,1.12,1.32,0.54,0.52,1.21,0.52
2019/10/02 17:00,,-3.53,-0.06,1.10,0.43,1.61,4.07,5.71,0.44,-0.19,0.09,-0.06,-0.40,-1.34,-0.22,-0.13,-1.33,0.28,0.25,1.04,-0.41,-4.35,1.53,1.57,1.56,1.52,1.63,1.64,1.59,1.70,1.69,1.62,1.62,1.68,1.70,1.55,1.56,1.69,0.53,0.52,1.21,0.51
2019/10/02 18:00,,-3.53,-0.06,1.10,0.43,1.61,4.07,5.71,0.44,-0.19,0.09,-0.06,-0.40,-1.34,-0.22,-0.13,-1.33,0.28,0.25,1.05,-0.41,-4.35,2.00,2.00,1.98,1.96,2.02,1.99,1.91,2.05,2.01,1.94,1.93,1.98,1.97,1.90,2.00,1.94,0.54,0.52,1.21,0.51
2019/10/02 19:00,,-3.53,-0.06,1.10,0.42,1.61,4.07,5.69,0.44,-0.19,0.10,-0.06,-0.40,-1.34,-0.23,-0.13,-1.33,0.29,0.25,1.04,-0.41,-4.35,2.30,2.27,2.23,2.23,2.22,2.16,2.09,2.21,2.14,2.09,2.07,2.07,2.03,2.25,2.26,1.98,0.54,0.52,1.21,0.51
2019/10/02 20:00,,-3.53,-0.06,1.10,0.42,1.61,4.07,5.65,0.44,-0.19,0.10,-0.06,-0.40,-1.34,-0.23,-0.13,-1.33,0.28,0.25,1.04,-0.41,-4.35,2.28,2.22,2.20,2.21,2.15,2.06,2.02,2.11,2.02,1.98,1.97,1.92,1.87,2.38,2.22,1.80,0.54,0.51,1.20,0.51
2019/10/02 21:00,,-3.53,-0.06,1.10,0.42,1.61,4.07,5.64,0.44,-0.19,0.10,-0.06,-0.39,-1.34,-0.23,-0.14,-1.33,0.28,0.25,1.04,-0.41,-4.35,1.94,1.89,1.85,1.88,1.82,1.76,1.78,1.80,1.72,1.71,1.72,1.64,1.59,2.24,1.88,1.51,0.53,0.52,1.20,0.51
2019/10/02 22:00,,-3.54,-0.06,1.10,0.42,1.61,4.07,5.63,0.44,-0.19,0.10,-0.06,-0.39,-1.34,-0.23,-0.14,-1.33,0.28,0.25,1.04,-0.41,-4.35,1.54,1.51,1.47,1.50,1.47,1.39,1.45,1.44,1.35,1.36,1.39,1.30,1.25,2.01,1.50,1.16,0.54,0.52,1.21,
2019/10/02 23:00,,-3.55,-0.06,1.10,0.42,1.60,4.07,5.66,0.44,-0.19,0.10,-0.07,-0.39,-1.33,-0.23,-0.14,-1.33,0.28,0.25,1.04,-0.41,-4.35,1.20,1.17,1.11,1.15,1.11,1.05,1.15,1.10,1.01,1.03,1.06,0.96,0.92,1.75,1.16,0.83,0.54,0.52,1.19,0.51
2019/10/03 00:00,,-3.55,-0.06,1.10,0.41,1.60,4.07,5.67,0.44,-0.19,0.10,-0.07,-0.39,-1.33,-0.23,-0.13,-1.33,0.28,0.25,1.04,-0.41,-4.35,0.89,0.86,0.81,0.85,0.82,0.76,0.89,0.81,0.72,0.75,0.80,0.67,0.62,1.59,0.85,0.55,0.54,0.52,1.16,0.51
2019/10/03 01:00,,-3.55,-0.06,1.10,0.41,1.60,4.06,5.67,0.44,-0.20,0.10,-0.07,-0.39,-1.33,-0.22,-0.13,-1.33,0.28,0.25,1.04,-0.41,-4.35,0.62,0.60,0.55,0.57,0.56,0.51,0.65,0.56,0.47,0.51,0.51,0.46,0.43,1.54,0.59,0.39,0.54,0.52,1.14,0.51
2019/10/03 02:00,,-3.55,-0.07,1.10,0.41,1.60,4.06,5.67,0.44,-0.19,0.10,-0.07,-0.39,-1.33,-0.22,-0.13,-1.34,0.28,0.25,1.04,-0.41,-4.35,0.39,0.40,0.37,0.38,0.40,0.38,0.50,0.44,0.38,0.40,0.40,0.39,0.39,1.55,0.39,0.38,0.54,0.52,1.13,0.51
2019/10/03 03:00,,-3.55,-0.07,1.10,0.41,1.60,4.06,5.68,0.44,-0.19,0.10,-0.07,-0.39,-1.33,-0.22,-0.13,-1.33,0.28,0.25,1.04,-0.41,-4.35,0.30,0.35,0.33,0.33,0.43,0.44,0.50,0.50,0.48,0.49,0.48,0.53,0.56,1.53,0.35,0.53,0.54,0.52,1.14,0.51
2019/10/03 04:00,,-3.55,-0.07,1.10,0.41,1.59,4.06,5.69,0.44,-0.19,0.10,-0.07,-0.40,-1.33,-0.22,-0.13,-1.34,0.28,0.25,1.03,-0.41,-4.35,0.50,0.57,0.56,0.56,0.68,0.69,0.73,0.77,0.76,0.76,0.75,0.80,0.83,1.52,0.57,0.84,0.54,0.52,1.19,0.51
2019/10/03 05:00,,-3.55,-0.07,1.09,0.41,1.60,4.06,5.72,0.44,-0.19,0.10,-0.07,-0.40,-1.34,-0.22,-0.13,-1.33,0.27,0.24,1.03,-0.41,-4.35,0.93,0.98,0.97,0.94,1.02,1.05,1.04,1.11,1.11,1.07,1.07,1.15,1.17,1.52,0.97,1.19,0.54,,1.20,
2019/10/03 06:00,,-3.55,-0.07,1.09,0.41,1.59,4.06,5.70,0.44,-0.19,0.10,-0.07,-0.40,-1.34,-0.22,-0.14,-1.33,0.27,0.24,1.03,-0.41,-4.35,1.37,1.41,1.38,1.36,1.44,1.44,1.40,1.51,1.50,1.43,1.42,1.52,1.52,1.52,1.40,1.53,0.54,0.51,1.20,0.51
2019/10/03 07:00,,-3.56,-0.07,1.09,0.41,1.60,4.07,5.68,0.44,-0.19,0.10,-0.07,-0.40,-1.34,-0.22,-0.14,-1.33,0.27,0.24,1.03,-0.41,-4.36,1.77,1.78,1.76,1.74,1.81,1.80,1.73,1.86,1.83,1.76,1.75,1.82,1.80,1.73,1.78,1.79,0.54,0.52,1.20,0.51
2019/10/03 08:00,,-3.59,,1.09,0.41,1.60,4.07,5.68,0.44,-0.20,0.10,-0.06,-0.41,-1.34,-0.23,-0.14,-1.34,0.27,0.24,1.03,-0.41,-4.36,2.08,2.07,2.04,2.03,2.05,2.02,1.95,2.07,2.02,1.95,1.94,1.94,1.91,2.04,2.06,1.87,0.53,,1.20,0.51
2019/10/03 09:00,,-3.59,-0.08,1.09,0.41,1.60,4.07,5.67,0.44,-0.20,0.10,-0.06,-0.40,-1.34,-0.23,-0.14,-1.34,0.27,0.24,1.03,-0.41,-4.36,2.17,2.12,2.10,2.10,2.08,2.00,1.95,2.06,1.98,1.93,1.93,1.89,1.86,2.21,2.12,1.80,0.53,0.51,1.20,0.51
2019/10/03 10:00,,-3.59,-0.08,,,1.60,4.07,,,-0.20,0.10,-0.06,-0.39,-1.34,-0.23,-0.14,-1.34,,,1.03,-0.41,-4.36,1.96,1.94,1.92,1.93,1.92,1.82,1.82,1.88,1.79,1.78,1.78,1.72,1.68,2.15,1.93,1.62,0.53,0.51,1.20,0.51
2019/10/03 11:00,,-3.57,-0.08,,,1.60,4.07,,,-0.14,0.10,-0.06,-0.39,-1.34,-0.23,-0.14,-1.34,,,1.04,-0.42,-4.36,1.66,1.63,1.59,1.62,1.60,1.54,1.58,1.59,1.52,1.51,1.53,1.47,1.45,1.98,1.62,1.39,0.53,0.51,1.21,0.51
2019/10/03 12:00,,-3.57,-0.09,,,1.60,4.07,,,-0.19,0.10,-0.05,-0.39,-1.34,-0.23,-0.14,-1.34,,,1.04,-0.42,-4.36,1.37,1.36,1.33,1.35,1.35,1.31,1.37,1.37,1.30,1.29,1.30,1.26,1.24,1.77,1.35,1.19,0.53,0.51,1.20,0.51
2019/10/03 13:00,,-3.57,-0.09,,,1.61,4.08,,,-0.20,0.12,-0.04,-0.39,-1.33,-0.23,-0.14,-1.34,,,1.04,-0.42,-4.36,1.16,1.16,1.14,1.15,1.18,1.14,1.20,1.20,1.14,1.14,1.14,1.12,1.10,1.62,1.15,1.05,0.53,0.51,1.21,0.51
2019/10/03 14:00,,-3.57,-0.09,,,1.62,4.08,,,-0.20,0.10,-0.04,-0.40,-1.34,-0.23,-0.14,-1.34,,,1.04,-0.42,-4.36,1.04,1.05,1.03,1.04,1.08,1.05,1.10,1.11,1.05,1.08,1.07,1.06,1.05,1.55,1.04,1.03,0.53,0.51,1.20,0.51
2019/10/03 15:00,,-3.57,-0.09,,,1.62,4.08,,,-0.20,0.09,-0.04,-0.40,-1.34,-0.23,-0.14,-1.34,,,1.04,-0.42,-4.36,1.03,1.05,1.03,1.04,1.10,1.08,1.11,1.14,1.10,1.12,1.11,1.14,1.14,1.53,1.04,1.12,0.52,0.52,1.20,0.51
2019/10/03 16:00,,-3.57,-0.09,,,1.62,4.08,,,-0.20,0.09,-0.04,-0.40,-1.34,-0.23,-0.14,-1.33,,,1.04,-0.42,-4.36,1.18,1.23,1.21,1.20,1.28,1.28,1.30,1.35,1.32,1.32,1.31,1.34,1.34,1.53,1.22,1.32,0.53,0.52,1.20,0.51
2019/10/03 17:00,,-3.57,-0.09,,,1.62,4.08,,,-0.20,0.09,-0.04,-0.40,-1.34,-0.23,-0.14,-1.33,,,1.04,-0.42,-4.36,1.51,1.55,1.54,1.52,1.62,1.61,1.59,1.67,1.65,1.60,1.60,1.64,1.64,1.57,1.54,1.62,0.53,0.52,1.20,0.51
2019/10/03 18:00,,-3.57,-0.09,1.07,0.40,1.61,4.08,5.70,0.44,-0.20,0.09,-0.05,-0.40,-1.34,-0.23,-0.14,-1.33,0.27,0.24,1.04,-0.42,-4.36,1.92,1.93,1.91,1.89,1.94,1.93,1.88,1.99,1.95,1.89,1.88,1.92,1.89,1.85,1.92,1.88,0.52,0.52,1.20,0.50
2019/10/03 19:00,,-3.57,-0.09,1.07,0.40,1.61,4.07,5.69,0.44,-0.20,0.09,-0.05,-0.40,-1.34,-0.23,-0.14,-1.33,0.27,0.24,1.03,-0.42,-4.36,2.24,2.20,2.18,2.17,2.16,2.12,2.06,2.17,2.11,2.05,2.04,2.05,2.02,2.19,2.19,1.98,0.52,0.52,1.21,0.50
2019/10/03 20:00,,-3.55,-0.09,1.07,0.39,1.61,4.07,5.69,0.44,-0.20,0.09,-0.05,-0.40,-1.34,-0.23,-0.14,-1.33,0.27,0.24,1.04,-0.42,-4.36,2.28,2.25,2.23,2.23,2.18,2.10,2.05,2.15,2.07,2.04,2.03,1.99,1.96,2.34,2.25,1.88,0.53,0.52,1.20,0.50
2019/10/03 21:00,,-3.55,-0.09,1.07,0.39,1.60,4.07,5.69,0.44,-0.20,0.09,-0.06,-0.39,-1.34,-0.23,-0.14,-1.33,0.27,0.24,1.03,-0.42,-4.36,2.05,2.02,1.98,2.01,1.98,1.92,1.93,1.96,1.88,1.88,1.88,1.81,1.78,2.28,2.01,1.70,0.52,0.52,1.20,0.50
2019/10/03 22:00,,-3.56,-0.09,1.07,0.39,1.60,4.07,5.69,0.44,-0.20,0.09,-0.06,-0.39,-1.34,-0.23,-0.14,-1.34,0.27,0.24,1.03,-0.42,-4.36,1.75,1.71,1.67,1.71,1.67,1.62,1.66,1.66,1.58,1.58,1.61,1.53,1.50,2.08,1.70,1.40,0.53,0.52,1.20,0.50
2019/10/03 23:00,,-3.56,-0.07,1.07,0.39,1.59,4.06,5.69,0.44,-0.19,0.09,-0.06,-0.39,-1.33,-0.23,-0.14,-1.34,0.27,0.24,1.04,-0.42,-4.36,1.44,1.41,1.37,1.41,1.38,1.31,1.38,1.35,1.27,1.28,1.31,1.24,1.22,1.85,1.40,1.12,0.52,0.52,1.20,0.50
2019/10/04 00:00,,-3.56,-0.07,1.07,0.39,1.59,4.06,5.69,0.44,-0.19,0.09,-0.06,-0.39,-1.33,-0.23,-0.14,-1.34,0.27,0.24,1.04,-0.42,-4.36,1.16,1.14,1.10,1.13,1.09,1.03,1.13,1.07,0.97,0.99,0.99,0.94,0.91,1.67,1.13,0.82,0.53,0.52,1.20,0.50
2019/10/04 01:00,,-3.56,-0.07,1.07,0.39,1.59,4.06,5.69,0.44,-0.19,0.09,-0.06,-0.39,-1.33,-0.23,-0.14,-1.35,0.27,0.24,1.04,-0.42,-4.36,0.90,0.87,0.82,0.86,0.83,0.78,0.89,0.82,0.72,0.75,0.79,0.70,0.67,1.57,0.86,0.58,0.53,0.52,1.20,0.50
2019/10/04 02:00,,-3.56,-0.07,1.08,0.39,1.59,4.06,5.69,0.44,-0.19,0.09,-0.07,-0.39,-1.33,-0.23,-0.14,-1.35,0.27,0.24,1.04,-0.42,-4.36,0.66,0.65,0.60,0.63,0.63,0.58,0.70,0.63,0.55,0.57,0.58,0.56,0.54,1.54,0.63,0.50,0.54,0.52,1.20,0.50
2019/10/04 03:00,,-3.56,-0.07,1.08,0.39,1.60,4.06,5.69,0.44,-0.19,0.10,-0.06,-0.39,-1.33,-0.23,-0.14,-1.34,0.27,0.24,1.03,-0.42,-4.36,0.48,0.52,0.49,0.50,0.55,0.53,0.61,0.60,0.54,0.56,0.56,0.59,0.60,1.52,0.51,0.58,0.54,0.52,1.20,0.50
2019/10/04 04:00,,-3.55,-0.07,1.08,0.40,1.60,4.06,5.69,0.44,-0.19,0.10,-0.07,-0.39,-1.33,-0.23,-0.14,-1.35,0.27,0.24,1.03,-0.42,-4.36,0.51,0.60,0.59,0.58,0.67,0.70,0.74,0.77,0.74,0.76,0.76,0.80,0.81,1.52,0.60,0.79,0.52,0.52,1.20,0.51
2019/10/04 05:00,,-3.56,-0.07,1.08,0.40,1.63,4.06,5.69,0.44,-0.19,0.10,-0.07,-0.40,-1.33,-0.23,-0.14,-1.35,0.27,0.24,1.03,-0.42,-4.36,0.87,0.92,0.91,0.89,1.00,1.02,1.03,1.10,1.08,1.06,1.06,1.09,1.11,1.53,0.91,1.12,0.53,0.52,1.20,0.51
2019/10/04 06:00,,-3.55,-0.07,1.08,0.40,1.66,4.07,5.69,0.44,-0.19,0.10,-0.06,-0.40,-1.33,-0.23,-0.14,-1.35,0.27,0.24,1.03,-0.42,-4.36,1.33,1.34,1.31,1.30,1.36,1.35,1.31,1.41,1.38,1.33,1.33,1.38,1.39,1.54,1.33,1.41,0.53,0.52,1.20,0.52
2019/10/04 07:00,,-3.55,-0.09,1.08,0.40,1.68,4.08,5.69,0.44,-0.18,0.11,-0.04,-0.40,-1.33,-0.23,-0.14,-1.34,0.27,0.24,1.03,-0.42,-4.36,1.69,1.69,1.66,1.66,1.68,1.66,1.60,1.72,1.68,1.61,1.60,1.64,1.64,1.72,1.68,1.62,0.53,0.53,1.20,0.53
2019/10/04 08:00,,-3.56,-0.06,1.08,0.40,1.70,4.10,5.70,0.44,-0.18,0.11,-0.03,-0.40,-1.33,-0.22,-0.14,-1.34,0.27,0.24,1.04,-0.42,-4.36,1.96,1.94,1.92,1.90,1.91,1.87,1.82,1.93,1.88,1.83,1.82,1.86,1.84,2.15,1.94,1.80,0.53,0.53,1.21,0.54
2019/10/04 09:00,,-3.56,-0.08,1.08,0.40,1.71,4.09,5.70,0.44,-0.17,0.11,-0.03,-0.39,-1.33,-0.22,-0.14,-1.35,0.27,0.24,1.04,-0.42,-4.36,2.14,2.11,2.10,2.09,2.11,2.09,2.03,2.14,2.07,2.03,2.02,2.00,1.93,2.35,2.10,1.90,0.54,0.53,1.21,0.55
2019/10/04 10:00,,-3.56,-0.08,1.08,0.40,1.72,4.09,5.69,0.44,-0.17,0.12,-0.04,-0.37,-1.33,-0.22,-0.13,-1.35,0.28,0.24,,-0.42,-4.35,2.22,2.12,2.10,2.11,2.04,1.98,1.98,2.02,1.94,1.93,1.93,1.91,1.88,2.36,2.11,1.85,0.54,0.53,1.22,0.55
2019/10/04 11:00,,-3.55,-0.06,1.09,0.40,1.71,4.07,5.70,0.45,-0.16,0.12,-0.04,-0.37,,-0.22,-0.13,-1.35,0.28,0.24,,-0.42,-4.35,1.97,1.97,1.94,1.97,1.91,1.85,1.87,1.90,1.79,1.82,1.82,1.76,1.74,2.31,1.96,1.67,0.53,0.54,1.22,0.55
2019/10/04 12:00,,-3.55,-0.08,1.08,0.40,1.69,4.05,5.70,0.45,-0.16,0.13,-0.07,-0.37,-1.32,-0.22,-0.13,,0.28,0.24,1.05,-0.41,-4.35,1.73,1.75,1.74,1.74,1.77,1.72,1.76,1.76,1.66,1.69,1.72,1.66,1.63,2.19,1.74,1.51,0.53,0.54,1.22,0.55
2019/10/04 13:00,,-3.55,-0.08,1.09,0.41,1.68,4.06,5.70,0.45,-0.16,0.13,-0.07,-0.37,-1.32,-0.22,-0.13,,0.28,0.24,1.05,-0.41,-4.35,1.61,1.59,1.58,1.59,1.65,1.61,1.65,1.66,1.58,1.60,1.62,1.58,1.55,2.01,1.59,1.46,0.53,0.54,1.22,0.54
2019/10/04 14:00,,-3.55,-0.08,1.09,0.41,1.69,4.06,5.70,0.45,-0.16,0.13,-0.05,-0.37,-1.32,-0.22,-0.13,-1.34,0.28,0.24,1.05,-0.41,-4.34,1.55,1.55,1.54,1.54,1.59,1.57,1.60,1.60,1.51,1.54,1.56,1.52,1.50,1.89,1.53,1.43,0.52,0.54,1.22,0.54
2019/10/04 15:00,,-3.55,,1.08,0.41,1.68,4.07,5.71,0.45,-0.16,0.13,-0.05,-0.38,-1.32,,-0.13,-1.34,0.28,0.24,1.05,-0.41,-4.34,1.54,1.55,1.53,1.53,1.57,1.52,1.55,1.59,1.52,1.52,1.52,1.51,1.50,1.81,1.54,1.44,0.52,0.53,1.22,0.53
2019/10/04 16:00,,-3.55,-0.07,1.08,0.41,1.69,4.07,5.72,0.45,-0.17,0.13,-0.05,-0.38,-1.32,-0.22,-0.13,-1.34,0.28,0.24,1.05,-0.41,-4.34,1.54,1.56,1.54,1.55,1.61,1.59,1.60,1.64,1.57,1.59,1.59,1.60,1.58,1.77,1.55,1.54,0.52,0.53,1.23,0.53
2019/10/04 17:00,,-3.54,-0.07,1.08,0.41,1.69,4.08,5.72,0.45,-0.17,0.13,-0.05,-0.38,-1.32,-0.22,-0.13,-1.33,0.28,0.24,1.05,-0.41,-4.34,1.65,1.67,1.65,1.65,1.68,1.66,1.67,1.73,1.67,1.67,1.67,1.68,1.68,1.75,1.66,1.63,0.53,0.53,1.24,0.52
2019/10/04 18:00,,-3.54,-0.09,1.09,0.41,1.69,4.08,5.72,0.45,-0.17,0.13,-0.04,-0.39,-1.32,-0.22,-0.13,-1.33,0.28,0.24,1.04,-0.42,-4.34,1.81,1.82,1.80,1.80,1.85,1.82,1.82,1.87,1.83,1.82,1.82,1.83,1.82,1.83,1.82,1.79,0.53,0.53,1.25,0.52
2019/10/04 19:00,,-3.54,-0.06,1.09,0.41,1.69,4.09,5.72,0.44,-0.17,0.13,-0.04,-0.39,-1.33,-0.22,-0.13,-1.33,0.28,0.24,1.04,-0.42,-4.34,2.00,2.00,1.98,1.98,2.01,1.99,1.97,2.04,2.00,1.96,1.96,1.97,1.95,1.99,2.00,1.92,0.53,0.83,1.24,0.52
2019/10/04 20:00,,-3.53,-0.07,1.08,0.40,1.69,4.09,5.71,0.44,-0.17,0.13,-0.04,-0.39,-1.33,-0.22,-0.13,-1.33,0.28,0.25,1.04,-0.42,-4.34,2.15,2.14,2.12,2.12,2.12,2.08,2.06,2.14,2.08,2.04,2.05,2.01,1.99,2.16,2.13,1.95,0.53,0.89,1.24,0.51
2019/10/04 21:00,,-3.52,-0.07,1.08,0.41,1.69,4.08,5.71,0.44,-0.17,0.13,-0.04,-0.38,-1.33,-0.22,-0.13,-1.33,0.28,0.25,1.04,-0.42,-4.35,2.16,2.12,2.11,2.12,2.10,2.04,2.03,2.10,2.03,1.99,2.00,1.94,1.91,2.21,2.13,1.86,0.53,0.89,1.23,0.51
2019/10/04 22:00,,-3.52,-0.07,1.09,0.40,1.69,4.08,5.71,0.44,-0.17,0.13,-0.04,-0.38,-1.33,-0.22,-0.13,-1.33,0.28,0.25,1.04,-0.42,-4.35,1.97,1.94,1.91,1.93,1.92,1.83,1.85,1.89,1.81,1.79,1.81,1.74,1.70,2.15,1.94,1.65,0.53,0.89,1.23,0.51
2019/10/04 23:00,,-3.51,-0.06,1.09,0.40,1.69,4.08,5.71,0.44,-0.17,0.13,-0.05,-0.38,-1.33,-0.22,-0.13,-1.33,0.28,0.25,1.04,-0.42,-4.34,1.67,1.64,1.60,1.63,1.60,1.52,1.57,1.58,1.51,1.49,1.52,1.45,1.41,1.98,1.64,1.38,0.53,0.89,1.22,0.51
2019/10/05 00:00,,-3.52,-0.06,1.09,0.40,1.68,4.07,5.71,0.45,-0.17,0.13,-0.05,-0.38,-1.33,-0.22,-0.13,-1.33,0.28,0.25,1.04,-0.42,-4.35,1.35,1.33,1.29,1.32,1.28,1.24,1.31,1.30,1.23,1.22,1.25,1.19,1.16,1.79,1.33,1.13,0.53,0.89,1.22,0.51
2019/10/05 01:00,,-3.52,-0.06,1.09,0.41,1.68,4.07,5.71,0.45,-0.18,0.13,-0.06,-0.38,-1.33,-0.22,-0.13,-1.33,0.28,0.24,1.04,-0.42,-4.35,1.08,1.08,1.04,1.06,1.06,1.01,1.09,1.07,0.99,0.99,1.02,0.95,0.93,1.63,1.07,0.89,0.53,0.89,1.22,0.51
2019/10/05 02:00,,-3.52,-0.05,1.10,0.41,1.68,4.07,5.71,0.45,-0.18,0.12,-0.06,-0.39,-1.33,-0.22,-0.13,-1.33,0.28,0.24,1.04,-0.42,-4.35,0.86,0.86,0.82,0.84,0.87,0.84,0.92,0.90,0.84,0.82,0.85,0.81,0.79,1.56,0.85,0.75,0.52,0.89,1.22,0.50
2019/10/05 03:00,,-3.51,-0.05,1.10,0.41,1.68,4.07,5.71,0.45,-0.18,0.12,-0.06,-0.39,-1.33,-0.22,-0.13,-1.33,0.28,0.24,1.04,-0.42,-4.35,0.71,0.72,0.70,0.71,0.77,0.75,0.82,0.81,0.75,0.73,0.74,0.72,0.72,1.55,0.72,0.67,0.52,0.89,1.22,0.50
2019/10/05 04:00,,-3.51,-0.05,1.10,0.41,1.68,4.06,5.71,0.45,-0.18,0.12,-0.06,-0.39,-1.33,-0.22,-0.13,-1.33,0.28,0.25,1.04,-0.42,-4.35,0.66,0.68,0.65,0.66,0.73,0.71,0.76,0.77,0.73,0.72,0.72,0.73,0.73,1.52,0.67,0.69,0.52,0.89,1.27,0.50
2019/10/05 05:00,,-3.51,-0.05,1.10,0.41,1.68,4.06,5.71,0.44,-0.18,0.12,-0.07,-0.40,-1.33,-0.22,-0.13,-1.33,0.28,0.24,1.04,-0.42,-4.35,0.71,0.76,0.73,0.74,0.79,0.77,0.80,0.84,0.81,0.78,0.78,0.80,0.82,1.51,0.75,0.80,0.53,0.89,1.28,0.50
2019/10/05 06:00,,-3.51,-0.05,1.10,0.41,1.68,4.06,5.71,0.44,-0.18,0.12,-0.08,-0.40,-1.33,-0.22,-0.13,-1.33,0.28,0.25,1.04,-0.42,-4.35,0.86,0.89,0.88,0.87,0.94,0.95,0.96,1.01,1.00,0.96,0.96,1.00,1.02,1.51,0.89,1.01,0.53,0.89,1.29,0.50
2019/10/05 07:00,,-3.51,-0.05,1.10,0.42,1.67,4.06,5.70,0.44,-0.19,0.11,-0.07,-0.40,-1.33,-0.22,-0.13,-1.33,0.28,0.24,1.04,-0.42,-4.35,1.11,1.15,1.14,1.13,1.19,1.18,1.17,1.24,1.22,1.17,1.17,1.20,1.21,1.50,1.15,1.18,0.53,0.89,1.29,0.50
2019/10/05 08:00,,-3.51,-0.05,1.10,0.42,1.67,4.07,5.69,0.44,-0.19,0.11,-0.08,-0.40,-1.34,-0.23,-0.13,-1.33,0.28,0.24,1.03,-0.42,-4.36,1.38,1.39,1.38,1.37,1.43,1.39,1.36,1.46,1.42,1.36,1.36,1.39,1.40,1.52,1.40,1.36,0.53,0.90,1.29,0.50
2019/10/05 09:00,,-3.52,-0.05,1.10,0.42,1.67,4.06,5.68,0.44,-0.20,0.11,-0.08,-0.40,-1.34,-0.23,-0.13,-1.34,0.28,0.25,1.03,-0.42,-4.36,1.58,1.58,1.57,1.56,1.58,1.54,1.51,1.60,1.55,1.51,1.51,1.51,1.51,1.64,1.58,1.47,0.52,0.88,1.29,0.50
2019/10/05 10:00,,-3.50,-0.05,1.10,0.42,1.67,4.06,5.68,0.44,-0.20,0.11,-0.08,-0.39,-1.34,-0.23,-0.13,-1.34,0.27,0.24,1.03,-0.42,-4.36,1.66,1.66,1.64,1.64,1.65,1.60,1.59,1.67,1.61,1.57,1.57,1.54,1.53,1.74,1.65,1.49,0.51,0.86,1.29,0.50
2019/10/05 11:00,,-3.46,-0.05,1.11,0.42,1.67,4.06,5.68,0.44,-0.21,0.10,-0.08,-0.39,-1.34,-0.23,-0.13,-1.34,0.28,0.24,1.03,-0.42,-4.36,1.63,1.61,1.60,1.60,1.61,1.56,1.56,1.63,1.56,1.54,1.54,1.50,1.48,1.76,1.61,1.44,0.52,0.85,1.29,0.50
2019/10/05 12:00,,-3.46,-0.05,1.11,0.42,1.67,4.06,5.68,0.44,-0.21,0.09,-0.08,-0.39,-1.34,-0.23,-0.13,-1.34,0.27,0.24,1.03,-0.42,-4.36,1.51,1.50,1.48,1.49,1.51,1.48,1.49,1.54,1.47,1.45,1.48,1.43,1.41,1.71,1.50,1.37,0.52,0.80,1.29,0.50
2019/10/05 13:00,,-3.46,,1.11,0.42,1.68,4.07,5.68,0.44,-0.21,0.09,-0.07,-0.38,-1.34,-0.23,-0.13,-1.34,0.27,0.24,1.04,-0.42,-4.36,1.39,1.40,1.38,1.39,1.42,1.39,1.42,1.46,1.39,1.37,1.40,1.36,1.36,1.64,1.40,1.31,0.52,0.63,1.29,0.50
2019/10/05 14:00,,-3.46,-0.01,1.11,0.42,1.69,4.07,5.68,0.44,-0.21,0.09,-0.06,-0.39,-1.34,-0.23,-0.13,-1.34,0.27,0.24,1.04,-0.42,-4.36,1.33,1.34,1.33,1.33,1.39,1.36,1.37,1.42,1.35,1.33,1.35,1.32,1.31,1.60,1.34,1.25,0.54,0.64,1.28,0.50
2019/10/05 15:00,,-3.46,-0.02,1.11,0.42,1.69,4.08,5.68,0.44,-0.20,0.08,-0.06,-0.40,-1.33,-0.23,-0.13,-1.34,0.27,0.24,1.04,-0.42,-4.36,1.34,1.33,1.31,1.32,1.36,1.33,1.34,1.39,1.34,1.31,1.31,1.30,1.29,1.57,1.32,1.26,0.53,0.65,1.26,0.50
2019/10/05 16:00,,-3.46,-0.02,1.13,0.43,1.69,4.08,5.70,0.43,-0.20,0.08,-0.05,-0.40,-1.34,-0.23,-0.13,-1.33,0.27,0.24,1.04,-0.42,-4.36,1.35,1.35,1.33,1.33,1.37,1.35,1.35,1.41,1.35,1.34,1.35,1.34,1.33,1.57,1.34,1.30,0.53,0.66,1.23,0.50
2019/10/05 17:00,,-3.46,-0.02,1.14,0.42,1.69,4.08,5.70,0.43,-0.20,0.08,-0.04,-0.40,-1.34,-0.23,-0.13,-1.33,0.27,0.24,1.04,-0.42,-4.36,1.39,1.41,1.40,1.39,1.45,1.42,1.43,1.49,1.44,1.42,1.42,1.43,1.42,1.58,1.41,1.39,0.54,0.66,1.25,0.50
2019/10/05 18:00,,-3.46,-0.02,1.14,0.43,1.70,4.09,5.70,0.44,-0.22,0.08,-0.04,-0.40,-1.34,-0.23,-0.13,-1.33,0.27,0.24,1.03,-0.42,-4.36,1.54,1.54,1.52,1.52,1.58,1.56,1.56,1.62,1.57,1.55,1.55,1.55,1.53,1.62,1.53,1.50,0.53,0.66,1.29,0.50
2019/10/05 19:00,,-3.46,,1.14,0.44,1.70,4.09,5.69,0.44,-0.24,0.08,-0.04,-0.40,-1.34,-0.23,-0.13,-1.33,0.27,0.24,1.03,-0.42,-4.36,1.73,1.70,1.69,1.68,1.73,1.71,1.70,1.77,1.72,1.69,1.69,1.69,1.68,1.73,1.70,1.64,0.54,0.66,1.34,0.50
2019/10/05 20:00,,-3.46,-0.02,1.14,0.45,1.70,4.09,5.69,0.44,-0.26,0.07,-0.04,-0.40,-1.34,-0.23,-0.13,-1.33,0.27,0.24,1.03,-0.42,-4.36,1.89,1.87,1.84,1.84,1.84,1.79,1.77,1.84,1.77,1.76,1.76,1.74,1.72,1.87,1.86,1.68,0.54,0.66,1.30,0.49
2019/10/05 21:00,,-3.46,-0.02,1.14,0.44,1.70,4.08,5.69,0.44,-0.28,0.05,-0.05,-0.39,-1.34,-0.23,-0.13,-1.33,0.27,0.24,1.03,-0.42,-4.37,1.89,1.88,1.85,1.86,1.84,1.78,1.77,1.84,1.76,1.75,1.75,1.71,1.68,1.97,1.88,1.62,0.53,0.66,1.29,0.49
2019/10/05 22:00,,-3.46,-0.02,1.14,0.44,1.71,4.08,5.69,0.44,-0.30,0.02,-0.05,-0.39,-1.34,-0.23,-0.13,-1.33,0.27,0.24,1.03,-0.42,-4.37,1.76,1.73,1.71,1.72,1.70,1.66,1.66,1.71,1.63,1.62,1.63,1.58,1.56,1.93,1.73,1.50,0.53,0.66,1.27,0.49
2019/10/05 23:00,,-3.46,-0.02,1.14,0.44,1.71,4.08,5.69,0.44,-0.31,-0.01,-0.05,-0.39,-1.34,-0.23,-0.13,-1.33,0.27,0.24,1.03,-0.42,-4.37,1.55,1.53,1.50,1.52,1.50,1.47,1.50,1.52,1.45,1.43,1.47,1.41,1.40,1.79,1.52,1.34,0.52,0.67,1.26,0.49
2019/10/06 00:00,,-3.46,-0.02,1.14,0.44,1.72,4.08,5.69,0.43,-0.31,-0.03,-0.05,-0.39,-1.34,-0.23,-0.13,-1.33,0.27,0.23,1.03,-0.42,-4.37,1.34,1.33,1.30,1.32,1.32,1.28,1.32,1.33,1.27,1.24,1.28,1.20,1.20,1.68,1.32,1.14,0.53,0.67,1.25,0.49
2019/10/06 01:00,,-3.46,-0.02,1.14,0.44,1.72,4.09,5.69,0.44,-0.28,-0.05,-0.05,-0.39,-1.34,-0.23,-0.13,-1.33,0.26,0.23,1.03,-0.42,-4.37,1.16,1.13,1.10,1.12,1.13,1.11,1.15,1.17,1.11,1.07,1.11,1.05,1.02,1.58,1.12,0.98,0.52,0.67,1.24,0.49
2019/10/06 02:00,,-3.46,-0.02,1.14,0.44,1.73,4.09,5.69,0.44,-0.26,-0.06,-0.05,-0.39,-1.34,-0.23,-0.13,-1.33,0.26,0.23,1.03,-0.42,-4.37,1.00,0.98,0.95,0.97,0.96,0.94,0.97,0.99,0.93,0.90,0.94,0.90,0.88,1.55,0.97,0.86,0.52,0.67,1.23,0.49
2019/10/06 03:00,,-3.47,-0.02,1.14,0.44,1.73,4.09,5.69,0.44,-0.24,-0.05,-0.05,-0.38,-1.34,-0.23,-0.13,-1.33,0.26,0.23,1.03,-0.42,-4.37,0.85,0.85,0.83,0.84,0.85,0.83,0.86,0.89,0.82,0.82,0.85,0.81,0.81,1.54,0.85,0.78,0.53,0.67,1.22,0.49
2019/10/06 04:00,,-3.50,-0.02,1.14,0.44,1.73,4.09,5.69,0.44,-0.23,-0.03,-0.05,-0.39,-1.34,-0.23,-0.13,-1.33,0.27,0.23,1.03,-0.42,-4.37,0.76,0.78,0.76,0.77,0.81,0.79,0.82,0.85,0.80,0.79,0.81,0.78,0.78,1.51,0.78,0.75,0.52,0.67,1.22,0.49
2019/10/06 05:00,,-3.49,-0.02,1.14,0.45,1.73,4.10,5.69,0.44,-0.23,-0.01,-0.04,-0.40,-1.33,-0.23,-0.13,-1.33,0.27,0.23,1.02,-0.42,-4.37,0.79,0.78,0.76,0.77,0.82,0.81,0.83,0.87,0.82,0.81,0.83,0.82,0.82,1.50,0.78,0.79,0.52,0.67,1.22,0.49
2019/10/06 06:00,,-3.49,-0.04,1.14,0.44,1.73,4.09,5.69,0.44,-0.23,0.01,-0.05,-0.40,-1.33,-0.23,-0.14,-1.33,0.27,0.23,1.02,-0.42,-4.38,0.86,0.88,0.86,0.86,0.88,0.85,0.86,0.91,0.87,0.86,0.87,0.86,0.87,1.50,0.87,0.86,0.52,0.66,1.22,0.49
2019/10/06 07:00,,-3.49,-0.04,1.14,0.45,1.72,4.09,5.69,0.44,-0.23,0.02,-0.05,-0.40,-1.34,-0.23,-0.14,-1.33,0.27,0.23,1.03,-0.42,-4.37,0.97,0.97,0.94,0.95,0.98,0.95,0.95,1.01,0.97,0.95,0.96,0.96,0.95,1.49,0.97,0.94,0.52,0.67,1.22,0.49
2019/10/06 08:00,,-3.54,-0.04,1.14,0.45,1.72,4.09,5.69,0.44,-0.22,0.03,-0.06,-0.40,-1.34,-0.23,-0.14,-1.33,0.27,0.23,1.03,-0.42,-4.37,1.07,1.07,1.05,1.05,1.10,1.08,1.07,1.14,1.11,1.07,1.07,1.09,1.09,1.49,1.07,1.07,0.52,0.66,1.21,0.49
2019/10/06 09:00,,-3.55,-0.04,1.12,0.45,1.72,4.08,5.69,0.44,-0.20,0.03,-0.06,-0.38,-1.34,-0.23,-0.14,-1.33,0.27,0.23,1.10,-0.42,-4.37,1.21,1.22,1.20,1.20,1.25,1.23,1.22,1.29,1.25,1.22,1.22,1.24,1.25,1.50,1.22,1.21,0.53,0.67,1.21,0.49
2019/10/06 10:00,,-3.55,-0.04,1.12,0.44,1.72,4.08,5.69,0.44,-0.18,0.04,-0.06,-0.37,-1.34,-0.23,-0.14,-1.33,0.27,0.23,1.06,-0.42,-4.37,1.39,1.40,1.38,1.38,1.40,1.37,1.36,1.43,1.38,1.35,1.36,1.37,1.36,1.51,1.39,1.34,0.53,0.66,1.21,0.49
2019/10/06 11:00,,-3.55,-0.05,1.12,0.44,1.72,4.08,5.68,0.44,-0.21,0.08,-0.06,-0.37,-1.33,-0.23,-0.14,-1.33,0.28,0.23,1.06,-0.42,-4.37,1.54,1.54,1.52,1.52,1.53,1.48,1.47,1.54,1.48,1.45,1.45,1.44,1.43,1.62,1.54,1.39,0.53,0.66,1.22,0.49
2019/10/06 12:00,,-3.55,-0.08,1.12,0.43,1.71,4.08,5.69,0.44,-0.21,0.09,-0.06,-0.37,-1.32,-0.23,-0.14,-1.34,0.28,0.23,1.05,-0.42,-4.37,1.59,1.58,1.55,1.56,1.55,1.50,1.50,1.56,1.49,1.47,1.48,1.45,1.44,1.70,1.58,1.39,0.52,0.66,1.22,0.50
2019/10/06 13:00,,-3.55,-0.07,1.12,0.44,1.71,4.07,5.68,0.44,-0.22,0.07,-0.05,-0.38,-1.32,-0.22,-0.13,-1.34,0.28,0.24,1.05,-0.42,-4.36,1.51,1.51,1.48,1.50,1.52,1.47,1.48,1.53,1.46,1.45,1.45,1.42,1.41,1.69,1.51,1.36,0.52,0.66,1.22,0.50
2019/10/06 14:00,,-3.55,-0.07,1.10,0.44,1.71,4.07,5.68,0.45,-0.21,0.05,-0.06,-0.38,-1.32,-0.22,-0.13,-1.34,0.28,0.24,1.04,-0.42,-4.35,1.43,1.42,1.40,1.40,1.43,1.38,1.40,1.44,1.38,1.37,1.39,1.34,1.33,1.65,1.42,1.29,0.52,0.65,1.22,0.50
2019/10/06 15:00,,-3.55,-0.07,1.09,0.43,1.70,4.07,5.69,0.45,-0.21,0.05,-0.06,-0.39,-1.32,-0.22,-0.13,-1.33,0.28,0.24,1.04,-0.42,-4.35,1.35,1.34,1.32,1.33,1.38,1.35,1.36,1.40,1.35,1.33,1.35,1.32,1.31,1.60,1.33,1.27,0.52,0.66,1.21,0.49
2019/10/06 16:00,,-3.55,-0.07,1.09,0.42,1.70,4.06,5.69,0.46,-0.21,0.05,-0.07,-0.39,-1.32,-0.22,-0.13,-1.33,0.28,0.24,1.03,-0.42,-4.34,1.33,1.32,1.30,1.31,1.36,1.32,1.34,1.38,1.32,1.31,1.32,1.31,1.31,1.57,1.31,1.28,0.53,0.66,1.21,0.49
2019/10/06 17:00,,-3.55,-0.07,1.09,0.41,1.70,4.06,5.69,0.46,-0.21,0.05,-0.07,-0.40,-1.33,-0.22,-0.13,-1.33,0.28,0.24,1.03,-0.42,-4.34,1.35,1.36,1.34,1.34,1.38,1.34,1.35,1.39,1.34,1.32,1.32,1.33,1.33,1.56,1.36,1.31,0.53,0.66,1.21,0.49
2019/10/06 18:00,,-3.55,-0.07,1.08,0.41,1.70,4.06,5.69,0.46,-0.21,0.05,-0.07,-0.40,-1.33,-0.22,-0.13,-1.33,0.28,0.24,1.03,-0.42,-4.35,1.40,1.41,1.39,1.39,1.42,1.38,1.38,1.44,1.39,1.38,1.38,1.36,1.36,1.56,1.41,1.32,0.52,0.67,1.21,0.50
2019/10/06 19:00,,-3.55,-0.07,1.08,0.40,1.69,4.05,5.69,0.46,-0.21,0.05,-0.07,-0.40,-1.33,-0.22,-0.13,-1.33,0.28,0.24,1.03,-0.42,-4.35,1.46,1.44,1.41,1.42,1.43,1.40,1.40,1.46,1.40,1.38,1.38,1.37,1.36,1.60,1.43,1.32,0.53,0.67,1.21,0.51
2019/10/06 20:00,,-3.55,-0.07,1.08,0.40,1.68,4.05,5.69,0.46,-0.21,0.05,-0.08,-0.40,-1.33,-0.22,-0.13,-1.33,0.28,0.24,1.03,-0.42,-4.35,1.44,1.44,1.42,1.43,1.48,1.44,1.45,1.50,1.45,1.42,1.42,1.39,1.37,1.60,1.44,1.32,0.54,0.67,1.21,0.51
2019/10/06 21:00,,-3.55,-0.07,1.08,0.40,1.67,4.05,5.69,0.46,-0.22,0.05,-0.09,-0.40,-1.33,-0.23,-0.13,-1.33,0.28,0.24,1.03,-0.42,-4.36,1.44,1.42,1.41,1.41,1.46,1.43,1.43,1.49,1.44,1.42,1.42,1.42,1.42,1.60,1.42,1.38,0.53,0.67,1.22,0.51
2019/10/06 22:00,,-3.55,-0.07,1.08,0.40,1.67,4.05,5.69,0.46,-0.22,0.05,-0.08,-0.39,-1.33,-0.23,-0.13,-1.33,0.28,0.24,1.03,-0.42,-4.36,1.44,1.48,1.45,1.46,1.49,1.45,1.45,1.50,1.44,1.44,1.44,1.43,1.42,1.59,1.48,1.38,0.53,0.67,1.22,0.51
2019/10/06 23:00,,-3.55,-0.07,1.08,0.40,1.67,4.05,5.69,0.46,-0.22,0.05,-0.08,-0.39,-1.33,-0.23,-0.13,-1.33,0.28,0.24,1.03,-0.42,-4.36,1.48,1.49,1.46,1.46,1.46,1.41,1.42,1.46,1.40,1.40,1.40,1.38,1.35,1.63,1.48,1.32,0.54,0.67,1.22,0.51
2019/10/07 00:00,,-3.55,-0.07,1.08,0.40,1.67,4.05,5.69,0.45,-0.22,0.04,-0.08,-0.39,-1.33,-0.23,-0.13,-1.33,0.28,0.24,1.03,-0.42,-4.36,1.42,1.41,1.38,1.38,1.41,1.36,1.37,1.42,1.35,1.33,1.33,1.29,1.25,1.63,1.41,1.20,0.54,0.67,1.21,0.51
2019/10/07 01:00,,-3.55,-0.07,1.08,0.40,1.66,4.05,5.70,0.45,-0.22,0.04,-0.08,-0.39,-1.33,-0.23,-0.13,-1.33,0.28,0.24,1.03,-0.42,-4.36,1.30,1.25,1.22,1.23,1.23,1.19,1.21,1.24,1.18,1.16,1.17,1.15,1.14,1.59,1.25,1.10,0.53,0.67,1.22,0.51
2019/10/07 02:00,,-3.55,-0.07,1.08,0.40,1.66,4.05,5.69,0.45,-0.22,0.04,-0.08,-0.40,-1.33,-0.23,-0.13,-1.33,0.27,0.24,1.03,-0.42,-4.36,1.08,1.10,1.07,1.08,1.10,1.05,1.08,1.10,1.03,1.02,1.04,0.99,0.98,1.55,1.10,0.94,0.53,0.67,1.22,0.51
2019/10/07 03:00,,-3.55,-0.07,1.08,0.40,1.66,4.05,5.70,0.45,-0.22,0.04,-0.09,-0.40,-1.33,-0.23,-0.13,-1.33,0.27,0.24,1.02,-0.42,-4.37,0.93,0.92,0.89,0.90,0.92,0.90,0.93,0.96,0.90,0.89,0.92,0.88,0.88,1.53,0.92,0.84,0.53,0.67,1.22,0.51
2019/10/07 04:00,,-3.55,-0.08,1.08,0.40,1.66,4.05,5.69,0.45,-0.22,0.04,-0.09,-0.40,-1.34,-0.23,-0.13,-1.33,0.27,0.24,1.02,-0.42,-4.37,0.81,0.83,0.81,0.82,0.83,0.81,0.84,0.87,0.81,0.80,0.83,0.79,0.78,1.50,0.83,0.75,0.53,0.67,1.22,0.50
2019/10/07 05:00,,-3.55,-0.08,1.08,0.40,1.66,4.04,5.70,0.45,-0.22,0.04,-0.09,-0.40,-1.34,-0.23,-0.13,-1.33,0.27,0.24,1.02,-0.42,-4.37,0.76,0.76,0.73,0.74,0.75,0.73,0.75,0.79,0.73,0.73,0.75,0.75,0.75,1.49,0.76,0.74,0.53,0.67,1.22,0.50
2019/10/07 06:00,,-3.55,-0.08,1.08,0.40,1.66,4.04,5.70,0.45,-0.22,0.04,-0.10,-0.40,-1.34,-0.23,-0.13,-1.33,0.27,0.24,1.02,-0.42,-4.37,0.71,0.75,0.73,0.74,0.77,0.75,0.76,0.81,0.76,0.75,0.77,0.76,0.76,1.49,0.75,0.74,0.53,0.67,1.22,0.50
2019/10/07 07:00,,-3.55,-0.08,1.08,0.40,1.65,4.04,5.69,0.45,-0.22,0.04,-0.10,-0.41,-1.34,-0.23,-0.13,-1.33,0.27,0.24,1.02,-0.42,-4.37,0.79,0.79,0.76,0.77,0.81,0.80,0.81,0.86,0.81,0.81,0.81,0.82,0.83,1.49,0.79,0.81,0.52,0.67,1.22,0.50
2019/10/07 08:00,,-3.55,-0.08,1.08,0.40,1.65,4.04,5.67,0.45,-0.23,0.04,-0.10,-0.41,-1.34,-0.23,-0.14,-1.33,0.27,0.24,1.02,-0.42,-4.38,0.89,0.91,0.88,0.89,0.93,0.90,0.91,0.96,0.93,0.90,0.90,0.91,0.91,1.50,0.90,0.88,0.52,0.66,1.22,0.49
2019/10/07 09:00,,-3.55,-0.08,1.08,0.40,1.65,4.05,5.67,0.45,-0.23,0.04,-0.09,-0.40,-1.34,-0.23,-0.14,-1.34,0.27,0.24,1.02,-0.42,-4.38,1.03,1.03,1.00,1.01,1.05,1.02,1.01,1.08,1.04,1.02,1.02,1.03,1.03,1.49,1.02,1.01,0.53,0.66,1.22,0.49
2019/10/07 10:00,,-3.53,-0.08,1.08,0.40,1.65,,5.67,0.44,-0.23,0.04,-0.08,-0.39,-1.34,-0.23,-0.14,-1.34,0.27,0.24,1.02,-0.43,-4.38,1.16,1.18,1.14,1.15,1.18,1.15,1.13,1.21,1.15,1.15,1.15,1.15,1.15,1.48,1.16,1.13,0.53,0.66,1.22,0.49
2019/10/07 11:00,,-3.53,-0.08,1.08,0.40,1.66,,5.67,0.44,-0.23,0.03,-0.08,-0.39,-1.34,-0.23,-0.14,-1.35,0.27,0.24,1.03,-0.43,-4.38,1.29,1.30,1.27,1.27,1.30,1.28,1.27,1.34,1.29,1.28,1.28,1.29,1.28,1.51,1.30,1.27,0.52,0.66,1.22,0.49
2019/10/07 12:00,,-3.53,-0.08,1.08,0.40,1.66,,5.68,0.44,-0.24,0.02,-0.08,-0.39,-1.34,-0.23,-0.14,-1.34,0.27,0.24,1.03,-0.43,-4.38,1.42,1.43,1.41,1.40,1.44,1.40,1.39,1.46,1.41,1.40,1.40,1.40,1.40,1.55,1.43,1.36,0.53,0.66,1.22,0.49
2019/10/07 13:00,,-3.53,-0.05,1.08,0.40,1.66,,5.68,0.44,-0.23,0.02,-0.07,-0.39,-1.34,-0.23,-0.14,-1.34,0.27,0.24,1.03,-0.43,-4.38,1.54,1.55,1.53,1.52,1.56,1.52,1.50,1.57,1.52,1.51,1.51,1.52,1.50,1.63,1.55,1.46,0.53,0.88,1.22,0.49
2019/10/07 14:00,,-3.53,-0.06,1.08,0.40,1.67,,5.69,0.44,-0.24,0.02,-0.06,-0.39,-1.34,-0.23,-0.14,-1.34,0.27,0.23,1.03,-0.43,-4.38,1.64,1.63,1.61,1.61,1.65,1.60,1.59,1.65,1.60,1.59,1.59,1.58,1.56,1.72,1.64,1.52,0.53,0.89,1.22,0.49
2019/10/07 15:00,,-3.53,-0.06,1.09,0.40,1.67,,5.70,0.44,-0.24,0.01,-0.06,-0.40,-1.34,-0.23,-0.14,-1.34,0.27,0.23,1.03,-0.43,-4.38,1.69,1.66,1.63,1.63,1.66,1.60,1.60,1.66,1.59,1.59,1.60,1.58,1.55,1.76,1.65,1.52,0.52,0.88,1.22,0.49
2019/10/07 16:00,,-3.53,-0.06,1.10,0.40,1.67,,5.70,0.44,-0.23,0.01,-0.06,-0.40,-1.34,-0.23,-0.14,-1.33,0.27,0.23,1.03,-0.43,-4.38,1.63,1.62,1.60,1.60,1.60,1.57,1.58,1.62,1.54,1.56,1.57,1.54,1.51,1.76,1.62,1.48,0.53,0.89,1.21,0.49
2019/10/07 17:00,,-3.53,-0.06,1.10,0.40,1.67,,5.70,0.44,-0.23,0.01,-0.05,-0.41,-1.34,-0.23,-0.14,-1.33,0.27,0.23,1.03,-0.43,-4.38,1.54,1.52,1.49,1.50,1.54,1.49,1.51,1.55,1.49,1.48,1.49,1.45,1.43,1.71,1.52,1.39,0.53,0.87,1.21,0.49
2019/10/07 18:00,,-3.53,-0.06,1.09,0.41,1.68,4.08,5.70,0.44,-0.23,0.01,-0.06,-0.40,-1.34,-0.23,-0.14,-1.33,0.27,0.23,1.03,-0.43,-4.38,1.43,1.41,1.39,1.39,1.44,1.41,1.43,1.47,1.41,1.41,1.43,1.39,1.39,1.65,1.41,1.34,0.52,0.88,1.25,0.49
2019/10/07 19:00,,-3.53,-0.06,1.10,0.41,1.68,4.08,5.70,0.44,-0.23,0.01,-0.05,-0.40,-1.34,-0.23,-0.14,-1.33,0.26,0.23,1.03,-0.43,-4.38,1.35,1.36,1.33,1.34,1.37,1.33,1.35,1.39,1.33,1.32,1.32,1.31,1.32,1.60,1.36,1.28,0.53,0.93,1.28,0.49
2019/10/07 20:00,,-3.53,-0.06,1.10,0.41,1.68,4.09,5.70,0.44,-0.23,0.02,-0.05,-0.39,-1.34,-0.23,-0.14,-1.33,0.26,0.23,1.03,-0.43,-4.38,1.30,1.31,1.29,1.30,1.33,1.31,1.33,1.37,1.31,1.31,1.32,1.30,1.29,1.57,1.30,1.23,0.53,0.93,1.27,0.49
2019/10/07 21:00,,-3.53,-0.06,1.10,0.41,1.69,4.09,5.70,0.45,-0.22,0.02,-0.05,-0.36,-1.33,-0.23,-0.14,-1.33,0.27,0.23,1.04,-0.43,-4.38,1.30,1.30,1.28,1.28,1.35,1.33,1.33,1.39,1.35,1.32,1.32,1.33,1.32,1.55,1.30,1.28,0.53,0.93,1.27,0.49
2019/10/07 22:00,,-3.51,-0.06,1.10,0.41,1.69,4.08,5.70,0.45,-0.17,0.03,-0.05,-0.34,-1.31,-0.22,-0.14,-1.34,0.27,0.23,1.23,-0.43,-4.37,1.37,1.37,1.35,1.35,1.41,1.39,1.38,1.45,1.40,1.40,1.40,1.40,1.38,1.57,1.37,1.37,0.54,0.93,1.28,0.50
2019/10/07 23:00,,-3.49,,1.10,0.41,1.70,4.08,5.71,0.45,-0.15,0.05,-0.05,-0.27,-1.27,-0.20,-0.12,-1.34,0.27,0.23,1.23,-0.38,-4.36,1.48,1.49,1.46,1.46,1.49,1.44,1.44,1.50,1.45,1.45,1.44,1.43,1.42,1.62,1.48,1.40,0.53,0.93,1.27,0.50
2019/10/08 00:00,,-3.45,-0.05,1.11,0.41,1.70,4.09,5.72,0.46,-0.13,0.12,-0.03,-0.27,-1.25,-0.18,-0.09,-1.34,0.27,0.23,1.20,-0.35,-4.32,1.55,1.55,1.52,1.52,1.55,1.51,1.50,1.56,1.51,1.48,1.48,1.46,1.43,1.71,1.54,1.39,0.53,0.93,1.31,0.50
2019/10/08 01:00,,-3.42,-0.05,1.11,0.41,1.71,4.09,5.73,0.49,-0.13,0.15,-0.01,-0.29,-1.24,-0.17,-0.07,-1.34,0.28,0.23,1.16,-0.34,-4.29,1.55,1.52,1.50,1.50,1.52,1.46,1.46,1.52,1.45,1.45,1.45,1.42,1.40,1.74,1.51,1.36,0.53,0.93,1.31,0.50
2019/10/08 02:00,,-3.42,-0.02,1.12,0.42,1.71,4.10,5.74,0.51,-0.14,0.16,0.01,-0.30,-1.24,-0.16,-0.07,-1.34,0.28,0.24,1.12,-0.34,-4.27,1.44,1.43,1.40,1.41,1.43,1.39,1.41,1.45,1.38,1.38,1.38,1.34,1.31,1.75,1.43,1.27,0.53,0.93,1.31,0.51
2019/10/08 03:00,,-3.42,,1.12,0.42,1.72,4.10,5.75,0.52,-0.14,0.16,0.01,-0.31,-1.25,-0.17,-0.07,-1.34,0.29,0.24,1.11,-0.34,-4.25,1.32,1.30,1.27,1.28,1.30,1.28,1.29,1.33,1.27,1.26,1.27,1.24,1.23,1.73,1.30,1.19,0.53,0.93,1.31,0.51
2019/10/08 04:00,,-3.42,,1.13,0.42,1.73,4.10,5.76,0.53,-0.14,0.16,0.01,-0.32,-1.26,-0.17,-0.07,-1.34,0.29,0.24,1.09,-0.34,-4.25,1.20,1.20,1.16,1.18,1.20,1.16,1.19,1.22,1.16,1.15,1.16,1.12,1.10,1.67,1.19,1.08,0.53,0.93,1.30,0.51
2019/10/08 05:00,,-3.42,0.00,1.15,0.42,1.73,4.10,5.77,0.53,-0.14,0.16,0.01,-0.33,-1.27,-0.18,-0.08,-1.34,0.30,0.25,1.08,-0.36,-4.26,1.10,1.08,1.05,1.07,1.09,1.06,1.09,1.12,1.06,1.05,1.07,1.01,0.99,1.63,1.08,0.95,0.53,0.93,1.31,0.51
2019/10/08 06:00,,-3.42,0.00,1.16,0.43,1.74,4.11,5.77,0.52,-0.15,0.16,0.01,-0.34,-1.28,-0.18,-0.08,-1.34,0.31,0.25,1.07,-0.37,-4.26,1.00,0.97,0.93,0.95,0.99,0.97,0.99,1.03,0.97,0.95,0.96,0.92,0.91,1.60,0.96,0.87,0.53,0.93,1.30,0.51
2019/10/08 07:00,,-3.42,0.00,1.16,0.44,1.74,4.10,5.77,0.52,-0.16,0.15,0.00,-0.34,-1.28,-0.19,-0.09,-1.34,0.31,0.26,1.06,-0.38,-4.27,0.91,0.90,0.87,0.88,0.93,0.90,0.92,0.96,0.91,0.88,0.90,0.88,0.87,1.58,0.89,0.84,0.53,0.93,1.30,0.51
2019/10/08 08:00,,-3.42,,1.16,0.45,1.74,4.10,5.76,0.51,-0.17,0.14,-0.01,-0.35,-1.29,-0.19,-0.10,-1.34,0.31,0.27,1.06,-0.38,-4.28,0.86,0.88,0.85,0.86,0.90,0.88,0.90,0.94,0.89,0.87,0.89,0.89,0.89,1.56,0.87,0.87,0.52,0.93,1.30,0.50
2019/10/08 09:00,,-3.42,0.00,1.16,0.46,1.74,4.09,5.74,0.50,-0.18,0.13,-0.02,-0.35,-1.29,-0.19,-0.10,-1.34,0.31,0.28,1.05,-0.39,-4.28,0.90,0.94,0.90,0.91,0.96,0.95,0.96,1.01,0.96,0.96,0.97,0.98,0.96,1.54,0.93,0.94,0.53,0.93,1.30,0.50
2019/10/08 10:00,,-3.43,0.00,1.16,0.46,1.74,4.09,5.73,0.50,,0.12,-0.03,,-1.30,-0.20,-0.11,-1.34,0.31,0.28,1.05,-0.39,,1.04,1.07,1.03,1.04,1.09,1.08,1.09,1.15,1.11,1.10,1.10,1.12,1.11,1.53,1.06,1.08,0.52,0.92,1.31,0.50
2019/10/08 11:00,,-3.43,0.00,1.16,0.46,1.74,4.08,5.72,0.49,,0.11,-0.04,,-1.30,-0.20,-0.11,-1.35,0.31,0.28,1.05,-0.39,,1.25,1.27,1.23,1.24,1.28,1.28,1.28,1.35,1.31,1.28,1.28,1.30,1.28,1.52,1.26,1.26,0.52,0.95,1.31,0.50
2019/10/08 12:00,,-3.42,0.00,1.16,0.46,1.74,4.07,5.71,0.49,,0.10,-0.04,,-1.30,-0.20,-0.11,-1.34,0.31,0.28,1.05,-0.39,,1.49,1.50,1.47,1.46,1.54,1.52,1.51,1.58,1.53,1.51,1.51,1.52,1.50,1.58,1.49,1.45,0.52,0.95,1.31,0.50
2019/10/08 13:00,,-3.42,,1.16,0.46,1.74,4.07,5.71,0.49,,0.10,-0.05,,-1.29,-0.20,-0.11,-1.35,0.31,0.28,1.05,-0.39,,1.74,1.73,1.71,1.70,1.79,1.75,1.73,1.81,1.75,1.73,1.73,1.72,1.71,1.75,1.73,1.66,0.51,0.95,1.30,0.50
2019/10/08 14:00,,-3.42,0.00,1.16,0.46,1.74,4.06,5.71,0.48,,0.10,-0.06,,-1.29,-0.20,-0.11,-1.34,0.31,0.28,1.05,-0.39,,1.96,1.95,1.91,1.91,1.95,1.90,1.88,1.95,1.89,1.88,1.88,1.86,1.82,1.94,1.94,1.77,0.53,0.97,1.30,0.50
2019/10/08 15:00,,-3.42,0.00,1.16,0.46,1.74,4.06,5.70,0.48,,0.10,-0.06,,-1.30,-0.20,-0.11,-1.34,0.31,0.28,1.05,-0.40,,2.05,2.03,1.99,1.99,2.04,1.99,1.97,2.04,1.96,1.94,1.94,1.90,1.86,2.07,2.01,1.80,0.53,1.01,1.30,0.50
2019/10/08 16:00,,-3.42,0.00,1.16,0.46,1.74,4.05,5.70,0.48,-0.20,0.10,-0.07,-0.36,-1.30,-0.20,-0.11,-1.34,0.31,0.28,1.04,-0.40,-4.30,2.00,1.97,1.94,1.94,1.98,1.93,1.93,1.98,1.90,1.90,1.90,1.85,1.83,2.07,1.95,1.76,0.53,1.02,1.30,0.50
2019/10/08 17:00,,-3.42,,1.16,0.47,1.73,4.04,5.71,0.48,-0.20,0.10,-0.07,-0.37,-1.31,-0.21,-0.11,-1.34,0.31,0.28,1.04,-0.40,-4.30,1.84,1.85,1.82,1.83,1.90,1.86,1.87,1.91,1.83,1.83,1.84,1.79,1.77,1.97,1.84,1.69,0.53,1.03,1.30,0.50
2019/10/08 18:00,,-3.42,0.00,1.16,0.46,1.73,4.04,5.72,0.48,-0.20,0.09,-0.08,-0.37,-1.31,-0.21,-0.12,-1.33,0.30,0.28,1.05,-0.40,-4.31,1.73,1.72,1.69,1.70,1.75,1.70,1.73,1.76,1.68,1.67,1.70,1.66,1.66,1.87,1.71,1.58,0.54,1.05,1.30,0.50
2019/10/08 19:00,,-3.42,0.00,1.16,0.46,1.72,4.03,5.72,0.48,-0.21,0.09,-0.09,-0.37,-1.31,-0.21,-0.12,-1.33,0.30,0.28,1.05,-0.40,-4.31,1.59,1.60,1.57,1.58,1.62,1.55,1.58,1.61,1.55,1.54,1.56,1.50,1.50,1.79,1.59,1.43,0.53,1.05,1.30,0.49
2019/10/08 20:00,,-3.42,0.00,1.16,0.46,1.72,4.02,5.72,0.47,-0.21,0.09,-0.10,-0.37,-1.31,-0.21,-0.12,-1.33,0.30,0.28,1.04,-0.40,-4.31,1.44,1.44,1.41,1.42,1.44,1.38,1.41,1.43,1.37,1.35,1.36,1.34,1.34,1.71,1.44,1.29,0.53,1.05,1.29,0.49
2019/10/08 21:00,,-3.42,0.00,1.16,0.46,1.71,4.01,5.72,0.47,-0.22,0.08,-0.11,-0.37,-1.32,-0.21,-0.12,-1.33,0.29,0.27,1.04,-0.40,-4.32,1.25,1.29,1.26,1.27,1.30,1.27,1.30,1.33,1.27,1.27,1.29,1.29,1.28,1.62,1.28,1.25,0.53,1.05,1.32,0.49
2019/10/08 22:00,,-3.43,0.00,1.16,0.46,1.71,4.01,5.72,0.47,-0.22,0.07,-0.12,-0.37,-1.32,-0.21,-0.12,-1.33,0.29,0.27,1.04,-0.41,-4.32,1.17,1.23,1.21,1.22,1.28,1.27,1.29,1.33,1.28,1.29,1.30,1.31,1.32,1.55,1.23,1.29,0.53,1.06,1.33,0.49
2019/10/08 23:00,,-3.43,0.00,1.16,0.46,1.71,4.00,5.72,0.46,-0.23,0.07,-0.12,-0.37,-1.32,-0.22,-0.12,-1.33,0.29,0.26,1.04,-0.41,-4.32,1.29,1.34,1.31,1.32,1.40,1.38,1.40,1.45,1.41,1.41,1.41,1.43,1.43,1.54,1.34,1.40,0.53,1.05,1.34,0.49
2019/10/09 00:00,,-3.43,0.00,1.16,0.46,1.70,4.00,5.72,0.46,-0.23,0.06,-0.13,-0.37,-1.32,-0.22,-0.13,-1.33,0.29,0.26,1.04,-0.41,-4.32,1.53,1.55,1.53,1.52,1.56,1.53,1.53,1.60,1.55,1.53,1.53,1.54,1.53,1.59,1.55,1.50,0.53,1.06,1.34,0.49
2019/10/09 01:00,,-3.41,0.00,1.16,0.46,1.70,4.00,5.72,0.46,-0.23,0.05,-0.13,-0.37,-1.32,-0.22,-0.13,-1.33,0.29,0.26,1.04,-0.41,-4.33,1.71,1.71,1.69,1.69,1.70,1.64,1.62,1.70,1.63,1.60,1.60,1.58,1.56,1.78,1.72,1.50,0.53,1.06,1.34,0.49
2019/10/09 02:00,,-3.39,0.00,1.16,0.46,1.70,4.01,5.72,0.46,-0.23,0.04,-0.13,-0.37,-1.32,-0.22,-0.13,-1.33,0.29,0.26,1.04,-0.41,-4.33,1.72,1.69,1.66,1.66,1.66,1.60,1.60,1.66,1.59,1.57,1.57,1.54,1.51,1.86,1.68,1.46,0.53,1.05,1.34,0.49
2019/10/09 03:00,,-3.39,0.00,1.16,0.46,1.70,4.01,5.71,0.46,-0.23,0.04,-0.12,-0.38,-1.32,-0.22,-0.13,-1.33,0.28,0.26,1.03,-0.41,-4.34,1.55,1.54,1.50,1.52,1.54,1.50,1.51,1.56,1.49,1.49,1.49,1.45,1.44,1.76,1.53,1.39,0.53,1.05,1.34,0.49
2019/10/09 04:00,,-3.39,0.00,1.16,0.46,1.71,4.00,5.72,0.46,-0.23,0.04,-0.14,-0.38,-1.32,-0.22,-0.13,-1.33,0.28,0.25,1.03,-0.41,-4.34,1.37,1.38,1.34,1.35,1.38,1.34,1.36,1.39,1.34,1.30,1.33,1.28,1.28,1.66,1.36,1.24,0.53,1.05,1.34,0.49
2019/10/09 05:00,,-3.39,0.02,1.16,0.46,1.70,4.00,5.71,0.46,-0.23,0.04,-0.15,-0.39,-1.32,-0.22,-0.13,-1.33,0.28,0.25,1.03,-0.42,-4.34,1.20,1.20,1.16,1.18,1.21,1.18,1.21,1.23,1.19,1.15,1.18,1.13,1.11,1.59,1.19,1.09,0.53,1.05,1.34,0.49
2019/10/09 06:00,,-3.39,0.02,1.16,0.46,1.72,4.00,5.71,0.46,-0.23,0.04,-0.14,-0.39,-1.32,-0.22,-0.14,-1.33,0.28,0.25,1.03,-0.42,-4.35,1.04,1.04,0.99,1.02,1.03,1.00,1.03,1.05,1.00,0.97,1.02,0.95,0.95,1.53,1.03,0.94,0.53,1.05,1.34,0.48
2019/10/09 07:00,,-3.39,0.02,1.17,0.46,1.72,4.01,5.71,0.46,-0.23,0.04,-0.13,-0.39,-1.33,-0.22,-0.13,-1.33,0.28,0.25,1.03,-0.42,-4.35,0.89,0.90,0.85,0.87,0.87,0.83,0.87,0.88,0.82,0.78,0.83,0.76,0.75,1.50,0.88,0.72,0.53,1.06,1.34,0.48
2019/10/09 08:00,,-3.39,0.02,1.17,0.46,1.72,4.01,5.70,0.46,-0.23,0.04,-0.14,-0.39,-1.33,-0.22,-0.14,-1.33,0.28,0.25,1.03,-0.42,-4.36,0.72,0.72,0.67,0.68,0.71,0.69,0.73,0.74,0.69,0.66,0.71,0.64,0.65,1.50,0.70,0.60,0.53,1.05,1.34,0.48
2019/10/09 09:00,,-3.39,0.02,1.18,0.47,1.72,4.01,5.69,0.46,-0.23,0.04,-0.14,-0.39,-1.33,-0.23,-0.14,-1.34,0.28,0.25,1.03,-0.42,-4.36,0.57,0.59,0.55,0.56,0.60,0.58,0.62,0.64,0.60,0.57,0.60,0.60,0.60,1.49,0.57,0.59,0.53,1.05,1.34,0.48
2019/10/09 10:00,,-3.38,0.02,1.17,0.47,,4.02,5.68,0.47,-0.24,,,-0.38,-1.33,-0.23,,-1.34,0.28,0.25,1.03,,-4.36,0.51,,,,0.63,0.62,0.65,0.68,0.69,0.64,0.66,0.69,0.70,1.49,,0.70,0.53,1.14,1.34,0.48
2019/10/09 11:00,,-3.38,0.01,1.18,0.47,,4.00,5.68,0.47,-0.24,,,-0.38,-1.33,-0.23,,-1.34,0.28,0.24,1.03,,-4.36,0.66,,,,0.80,0.80,0.83,0.87,0.87,0.85,0.86,0.89,0.90,1.50,,0.90,0.54,1.14,1.34,0.48
2019/10/09 12:00,,-3.38,0.02,1.18,0.47,,4.01,5.68,0.46,-0.24,,,-0.38,-1.33,-0.23,,-1.34,0.28,0.24,1.03,,-4.36,1.01,,,,1.09,1.08,1.07,1.14,1.13,1.09,1.10,1.13,1.14,1.50,,1.14,0.52,1.14,1.34,0.48
2019/10/09 13:00,,-3.38,,1.18,0.48,,4.01,5.68,0.45,-0.25,,,-0.38,-1.33,-0.23,,-1.34,0.28,0.24,1.03,,-4.36,1.38,,,,1.37,1.36,1.33,1.42,1.38,1.33,1.33,1.36,1.36,1.51,,1.34,0.53,1.14,1.34,0.48
2019/10/09 14:00,,-3.38,0.03,1.18,0.48,,4.00,5.68,0.45,-0.25,,,-0.38,-1.33,-0.23,,-1.34,0.27,0.24,1.03,,-4.37,1.64,,,,1.63,1.60,1.55,1.66,1.60,1.55,1.55,1.57,1.54,1.69,,1.50,0.52,1.14,1.34,0.48
2019/10/09 15:00,,-3.38,,1.18,0.48,,4.00,5.68,0.45,-0.25,,,-0.39,-1.33,-0.23,,-1.34,0.27,0.24,1.03,,-4.37,1.80,,,,1.77,1.72,1.68,1.78,1.71,1.69,1.68,1.68,1.66,1.84,,1.62,0.52,1.17,1.34,0.48
2019/10/09 16:00,,-3.38,0.03,1.18,0.48,1.75,4.01,5.69,0.45,-0.25,0.01,-0.12,-0.39,-1.33,-0.23,-0.14,-1.33,0.27,0.24,1.03,-0.42,-4.37,1.83,1.81,1.77,1.78,1.81,1.77,1.75,1.82,1.76,1.74,1.74,1.71,1.69,1.87,1.79,1.64,0.52,1.19,1.36,0.48
2019/10/09 17:00,,-3.38,0.01,1.17,0.48,1.75,4.01,5.70,0.45,-0.25,0.01,-0.12,-0.39,-1.34,-0.23,-0.14,-1.33,0.27,0.24,1.03,-0.42,-4.37,1.77,1.75,1.73,1.73,1.76,1.72,1.72,1.77,1.70,1.68,1.69,1.64,1.62,1.85,1.74,1.56,0.53,1.19,1.37,0.48
2019/10/09 18:00,,-3.38,0.05,1.18,0.48,1.75,4.01,5.70,0.48,-0.24,0.01,-0.12,-0.39,-1.34,-0.23,-0.14,-1.33,0.27,0.24,1.03,-0.42,-4.37,1.65,1.62,1.60,1.61,1.64,1.58,1.60,1.63,1.56,1.54,1.56,1.48,1.46,1.80,1.61,1.39,0.53,1.20,1.38,0.48
2019/10/09 19:00,,-3.39,0.01,1.18,0.47,1.76,4.02,5.70,0.47,-0.24,0.01,-0.12,-0.39,-1.34,-0.23,-0.14,-1.33,0.27,0.23,1.03,-0.42,-4.37,1.47,1.43,1.39,1.42,1.41,1.34,1.38,1.39,1.32,1.31,1.33,1.25,1.24,1.70,1.42,1.18,0.53,1.19,1.38,0.48
2019/10/09 20:00,,-3.39,0.01,1.19,0.48,1.76,4.02,5.70,0.46,-0.25,0.01,-0.11,-0.39,-1.34,-0.23,-0.14,-1.33,0.27,0.23,1.03,-0.42,-4.38,1.19,1.18,1.14,1.17,1.15,1.11,1.16,1.17,1.10,1.09,1.11,1.05,1.02,1.60,1.17,0.99,0.53,1.19,1.38,0.48
2019/10/09 21:00,,-3.34,0.02,1.18,0.48,1.76,4.02,5.70,0.46,-0.25,0.01,-0.12,-0.39,-1.34,-0.23,-0.14,-1.33,0.27,0.23,1.03,-0.42,-4.38,0.95,0.96,0.92,0.94,0.99,0.96,1.02,1.02,0.97,0.97,0.98,0.95,0.96,1.53,0.95,0.92,0.53,1.20,1.38,0.47
2019/10/09 22:00,,-3.30,0.01,1.18,0.48,1.76,4.01,5.70,0.46,-0.25,0.01,-0.12,-0.39,-1.34,-0.23,-0.14,-1.33,0.27,0.23,1.03,-0.42,-4.38,0.84,0.89,0.87,0.88,0.96,0.95,0.99,1.01,0.98,0.97,0.99,0.99,1.01,1.52,0.88,0.97,0.53,1.19,1.39,0.47
2019/10/09 23:00,,-3.30,0.03,1.18,0.48,1.76,4.00,5.70,0.46,-0.25,0.01,-0.13,-0.39,-1.34,-0.23,-0.14,-1.33,0.26,0.23,1.03,-0.42,-4.38,0.96,1.01,1.00,1.00,1.09,1.08,1.11,1.14,1.11,1.11,1.11,1.14,1.15,1.51,1.01,1.12,0.53,1.19,1.42,0.47
2019/10/10 00:00,,-3.35,0.05,1.18,0.48,1.76,4.00,5.69,0.45,-0.25,0.01,-0.13,-0.39,-1.34,-0.23,-0.14,-1.33,0.26,0.23,1.03,-0.42,-4.38,1.26,1.28,1.26,1.25,1.31,1.29,1.29,1.36,1.32,1.30,1.30,1.30,1.30,1.51,1.28,1.26,0.53,1.20,1.41,0.47
2019/10/10 01:00,,-3.37,0.07,1.18,0.47,1.76,4.01,5.69,0.45,-0.26,0.01,-0.13,-0.39,-1.34,-0.23,-0.14,-1.33,0.26,0.23,1.03,-0.42,-4.38,1.54,1.53,1.49,1.49,1.53,1.48,1.46,1.55,1.49,1.46,1.45,1.46,1.46,1.59,1.52,1.40,0.53,1.20,1.40,0.47
2019/10/10 02:00,,-3.37,0.07,1.21,0.48,1.76,4.01,5.69,0.45,-0.26,0.01,-0.13,-0.39,-1.34,-0.23,-0.14,-1.33,0.26,0.23,1.03,-0.42,-4.38,1.69,1.68,1.64,1.65,1.66,1.61,1.57,1.66,1.60,1.57,1.56,1.56,1.53,1.77,1.68,1.49,0.53,1.20,1.40,0.47
2019/10/10 03:00,,-3.32,0.03,1.22,0.48,1.76,4.01,5.69,0.45,-0.25,0.00,-0.12,-0.39,-1.34,-0.23,-0.14,-1.33,0.26,0.23,1.02,-0.42,-4.38,1.69,1.68,1.66,1.66,1.67,1.61,1.60,1.66,1.59,1.59,1.59,1.55,1.54,1.81,1.68,1.48,0.53,1.20,1.40,0.47
2019/10/10 04:00,,-3.32,0.03,1.22,0.49,1.77,4.02,5.70,0.45,-0.25,0.00,-0.12,-0.39,-1.34,-0.23,-0.14,-1.33,0.26,0.23,1.02,-0.42,-4.38,1.59,1.58,1.55,1.56,1.58,1.53,1.54,1.59,1.52,1.51,1.51,1.47,1.45,1.76,1.57,1.39,0.53,1.20,1.40,0.47
2019/10/10 05:00,,-3.32,0.06,1.20,0.50,1.79,4.02,5.70,0.45,-0.25,0.00,-0.12,-0.40,-1.34,-0.23,-0.14,-1.33,0.26,0.23,1.02,-0.42,-4.39,1.43,1.42,1.40,1.40,1.43,1.38,1.40,1.43,1.37,1.33,1.37,1.32,1.31,1.67,1.42,1.27,0.53,1.19,1.40,0.47
2019/10/10 06:00,,-3.32,0.06,1.19,0.50,1.80,4.02,5.69,0.45,-0.25,0.00,-0.12,-0.40,-1.34,-0.23,-0.14,-1.33,0.26,0.22,1.02,-0.42,-4.39,1.25,1.26,1.24,1.25,1.25,1.19,1.22,1.25,1.17,1.17,1.20,1.15,1.14,1.59,1.26,1.09,0.53,1.20,1.40,0.47
2019/10/10 07:00,,-3.32,,1.21,0.49,1.82,4.02,5.69,0.45,-0.25,0.01,-0.12,-0.40,-1.34,-0.23,-0.14,-1.33,0.26,0.22,1.02,-0.42,-4.39,1.06,1.08,1.05,1.06,1.08,1.01,1.05,1.07,1.00,0.99,1.03,0.95,0.93,1.52,1.08,0.88,0.53,1.19,1.40,0.47
2019/10/10 08:00,,-3.32,0.06,1.22,0.49,1.83,4.02,5.68,0.45,-0.25,0.01,-0.12,-0.40,-1.34,-0.23,-0.14,-1.33,0.26,0.22,1.02,-0.42,-4.39,0.89,0.87,0.83,0.85,0.86,0.81,0.86,0.87,0.81,0.81,0.83,0.77,0.76,1.49,0.86,0.71,0.53,1.20,1.40,0.47
2019/10/10 09:00,,-3.32,,1.22,0.50,1.84,4.02,5.66,0.45,-0.25,0.01,-0.12,-0.40,-1.34,-0.23,-0.15,-1.35,0.26,0.22,1.02,-0.42,-4.39,0.69,0.70,0.67,0.68,0.69,0.66,0.72,0.72,0.65,0.64,0.67,0.62,0.63,1.48,0.69,0.60,0.53,1.20,1.40,0.47
2019/10/10 10:00,,-3.31,0.06,1.22,0.51,1.83,4.02,5.66,0.45,-0.26,0.01,-0.12,-0.40,-1.34,-0.24,-0.15,-1.35,0.26,0.22,1.02,-0.42,-4.40,,0.57,0.54,0.55,0.59,0.56,0.61,0.63,0.57,0.55,0.59,0.57,0.58,1.48,0.56,0.55,0.52,1.24,1.40,0.47
2019/10/10 11:00,,-3.31,,1.22,0.51,1.82,4.02,5.67,0.45,-0.26,0.01,-0.12,-0.40,-1.34,-0.24,-0.15,-1.35,0.26,0.22,1.03,-0.43,-4.39,,0.54,0.53,0.53,0.62,0.61,0.64,0.67,0.64,0.62,0.64,0.66,0.68,1.49,0.54,0.65,0.53,1.21,1.40,0.47
2019/10/10 12:00,,-3.31,0.06,1.23,0.51,1.82,4.01,5.68,0.44,-0.26,0.00,-0.13,-0.40,-1.34,-0.24,-0.15,-1.35,0.26,0.22,1.02,-0.43,-4.39,,0.70,0.68,0.68,0.78,0.80,0.81,0.86,0.86,0.83,0.83,0.88,0.91,1.49,0.71,0.89,0.53,1.22,1.40,0.47
2019/10/10 13:00,,-3.31,0.06,1.23,0.51,1.83,4.01,5.68,0.45,-0.27,0.00,-0.12,-0.40,-1.34,-0.24,-0.15,-1.35,0.26,0.22,1.03,-0.43,-4.39,,1.05,1.03,1.02,1.11,1.13,1.11,1.19,1.19,1.14,1.14,1.20,1.23,1.50,1.05,1.23,0.53,1.22,1.40,0.47
2019/10/10 14:00,,-3.31,0.06,1.23,0.52,1.83,4.01,5.68,0.45,-0.27,0.00,-0.12,-0.40,-1.34,-0.24,-0.15,-1.34,0.26,0.22,1.03,-0.43,-4.39,,1.49,1.45,1.44,1.52,1.50,1.31,1.56,1.52,1.46,1.44,1.52,1.52,1.52,1.48,1.52,0.53,1.23,1.40,0.47
2019/10/10 15:00,,-3.32,0.06,1.23,0.52,1.84,4.01,5.70,0.46,-0.26,-0.01,-0.13,-0.40,-1.34,-0.24,-0.15,-1.34,0.26,0.24,1.03,-0.43,-4.39,,1.84,1.80,1.79,1.81,1.77,1.71,1.83,1.78,1.70,1.68,1.73,1.72,1.84,1.82,1.68,0.52,1.22,1.40,0.47
2019/10/10 16:00,,-3.32,0.06,1.23,0.52,1.85,4.01,5.70,0.55,-0.26,-0.01,-0.13,-0.40,-1.34,-0.24,-0.15,-1.33,0.26,0.24,1.03,-0.43,-4.38,,2.00,1.96,1.96,1.97,1.91,1.83,1.96,1.89,1.83,1.81,1.81,1.77,2.08,1.99,1.70,0.53,1.22,1.40,0.47
2019/10/10 17:00,,-3.32,0.06,1.23,0.52,1.86,4.01,5.70,0.55,-0.26,-0.01,-0.13,-0.40,-1.34,-0.24,-0.15,-1.33,0.25,0.24,1.02,-0.43,-4.37,1.97,1.93,1.90,1.90,1.90,1.84,1.81,1.90,1.83,1.79,1.78,1.74,1.70,2.07,1.92,1.64,0.53,1.23,1.40,0.47
2019/10/10 18:00,,-3.32,0.06,1.23,0.52,1.88,4.01,5.70,0.54,-0.26,-0.01,-0.12,-0.40,-1.34,-0.24,-0.15,-1.33,0.25,0.24,1.03,-0.43,-4.37,1.73,1.70,1.66,1.68,1.68,1.63,1.64,1.68,1.61,1.59,1.60,1.54,1.52,1.94,1.69,1.47,0.53,1.24,1.40,0.47
2019/10/10 19:00,,-3.32,0.06,1.23,0.51,1.88,4.01,5.70,0.52,-0.26,-0.01,-0.12,-0.40,-1.34,-0.24,-0.15,-1.33,0.25,0.24,1.03,-0.43,-4.37,1.44,1.44,1.41,1.42,1.43,1.37,1.42,1.43,1.35,1.34,1.38,1.29,1.27,1.76,1.43,1.21,0.54,1.23,1.40,0.47
2019/10/10 20:00,,-3.32,0.06,1.23,0.51,1.88,4.02,5.69,0.50,-0.26,-0.01,-0.12,-0.40,-1.34,-0.24,-0.15,-1.33,0.25,0.24,1.02,-0.43,-4.37,1.20,1.18,1.14,1.17,1.16,1.11,1.16,1.16,1.09,1.07,1.10,1.04,1.02,1.63,1.17,0.96,0.53,1.23,1.41,0.47
2019/10/10 21:00,,-3.32,0.06,1.23,0.51,1.88,4.02,5.68,0.49,-0.26,-0.01,-0.12,-0.40,-1.34,-0.24,-0.15,-1.33,0.25,0.24,1.02,-0.43,-4.37,0.95,0.94,0.89,0.92,0.92,0.89,0.95,0.95,0.89,0.88,0.90,0.85,0.85,1.56,0.93,0.81,0.53,1.23,1.41,0.47
2019/10/10 22:00,,-3.32,0.06,1.23,0.51,1.87,4.02,5.68,0.49,-0.27,-0.01,-0.11,-0.40,-1.34,-0.24,-0.15,-1.34,0.25,0.24,1.02,-0.43,-4.37,0.75,0.77,0.74,0.75,0.78,0.77,0.83,0.82,0.77,0.76,0.78,0.76,0.77,1.52,0.76,0.74,0.53,1.23,1.41,0.47
2019/10/10 23:00,,-3.32,0.06,1.23,0.51,1.87,4.02,5.67,0.48,-0.27,-0.01,-0.12,-0.40,-1.34,-0.24,-0.15,-1.34,0.25,0.24,1.02,-0.43,-4.37,0.68,0.71,0.69,0.69,0.79,0.78,0.83,0.84,0.84,0.81,0.83,0.84,0.86,1.51,0.71,0.85,0.53,1.23,1.57,0.47
2019/10/11 00:00,,-3.32,0.06,1.22,0.51,1.87,4.02,5.68,0.47,-0.27,-0.01,-0.11,-0.40,-1.34,-0.24,-0.15,-1.34,0.25,0.24,1.03,-0.43,-4.37,0.82,0.88,0.87,0.87,0.98,0.98,1.00,1.04,1.04,1.01,1.02,1.07,1.08,1.51,0.89,1.07,0.54,1.23,1.60,0.47
2019/10/11 01:00,,-3.31,0.06,1.22,0.51,1.87,4.03,5.68,0.47,-0.26,-0.01,-0.11,-0.40,-1.34,-0.24,-0.14,-1.34,0.25,0.24,1.03,-0.43,-4.37,1.20,1.23,1.21,1.19,1.26,1.25,1.24,1.31,1.30,1.28,1.27,1.32,1.33,1.51,1.22,1.32,0.53,1.23,1.60,0.48
2019/10/11 02:00,,-3.13,0.06,1.22,0.51,1.87,4.03,5.68,0.47,-0.26,-0.01,-0.11,-0.40,-1.34,-0.24,-0.14,-1.34,0.25,0.24,1.02,-0.43,-4.37,1.58,1.57,1.53,1.53,1.55,1.53,1.50,1.59,1.56,1.53,1.52,1.55,1.53,1.63,1.56,1.52,0.53,1.23,1.62,0.48
2019/10/11 03:00,,-3.10,0.06,1.23,0.51,1.87,4.02,5.68,0.46,-0.26,-0.01,-0.11,-0.40,-1.34,-0.23,-0.14,-1.35,0.25,0.24,1.02,-0.43,-4.37,1.82,1.80,1.76,1.76,1.79,1.74,1.69,1.79,1.74,1.69,1.69,1.69,1.66,1.86,1.79,1.62,0.53,1.23,1.63,0.49
2019/10/11 04:00,,-3.10,0.15,1.23,0.51,1.86,4.02,5.68,0.46,-0.25,0.00,-0.12,-0.40,-1.34,-0.23,-0.14,-1.35,0.25,0.24,1.02,-0.43,-4.36,1.89,1.85,1.81,1.82,1.81,1.76,1.73,1.82,1.75,1.72,1.72,1.70,1.66,1.94,1.84,1.63,0.53,1.23,1.67,0.50
2019/10/11 05:00,,-3.05,0.19,1.23,0.51,1.86,4.01,5.68,0.46,-0.25,0.00,-0.12,-0.36,-1.34,-0.23,-0.14,-1.35,0.26,0.24,1.02,-0.43,-4.36,1.75,1.72,1.68,1.69,1.68,1.61,1.62,1.67,1.60,1.57,1.58,1.53,1.51,1.90,1.71,1.47,0.53,1.23,1.69,0.49
2019/10/11 06:00,,-3.04,,1.30,0.51,1.86,4.01,5.69,0.46,-0.25,0.00,-0.13,-0.37,-1.34,-0.23,-0.14,-1.35,0.26,0.24,1.03,-0.43,-4.37,1.47,1.47,1.43,1.45,1.46,1.39,1.42,1.45,1.38,1.37,1.40,1.33,1.29,1.78,1.47,1.26,0.52,1.24,1.70,0.50
2019/10/11 07:00,,-3.04,0.22,1.34,0.52,1.85,4.01,5.69,0.46,-0.25,0.01,-0.13,-0.37,-1.32,-0.23,-0.14,-1.34,0.26,0.24,1.03,-0.43,-4.37,1.21,1.20,1.16,1.18,1.17,1.13,1.19,1.19,1.12,1.11,1.14,1.08,1.06,1.63,1.19,1.02,0.52,1.23,1.70,0.50
2019/10/11 08:00,,-3.04,0.24,1.34,0.58,1.85,4.02,5.69,0.46,-0.25,0.01,-0.12,-0.38,-1.32,-0.23,-0.14,-1.34,0.26,0.24,1.03,-0.43,-4.37,0.97,0.97,0.93,0.95,0.93,0.90,0.98,0.96,0.89,0.89,0.91,0.87,0.85,1.54,0.96,0.81,0.52,1.23,1.70,0.50
2019/10/11 09:00,,-3.04,0.23,1.36,0.61,1.85,4.02,5.69,0.46,-0.25,0.01,-0.12,-0.38,-1.32,-0.23,-0.14,-1.34,0.26,0.24,1.03,-0.43,-4.37,0.76,0.78,0.74,0.76,0.75,0.70,0.79,0.77,0.70,0.70,0.70,0.68,0.68,1.52,0.77,0.63,0.51,1.24,1.70,0.50
2019/10/11 10:00,,-3.00,0.25,1.38,0.63,1.87,4.02,5.68,0.83,-0.25,0.01,-0.12,-0.37,-1.32,-0.23,-0.15,-1.35,0.26,0.24,1.03,-0.43,-4.36,0.60,0.61,0.57,0.59,0.62,0.59,0.67,0.65,0.59,0.59,0.60,0.60,0.59,1.51,0.60,0.56,0.53,1.30,1.70,0.49
2019/10/11 11:00,,-2.95,0.25,1.38,0.66,1.98,4.02,5.68,1.13,-0.24,0.01,-0.12,-0.37,-1.32,-0.23,-0.14,-1.35,0.27,0.24,1.03,-0.43,-4.35,0.51,0.55,0.52,0.53,0.57,0.55,0.62,0.62,0.57,0.58,0.59,0.60,0.64,1.51,0.55,0.60,0.51,1.36,1.70,0.49
2019/10/11 12:00,,-2.94,0.26,1.38,0.66,2.10,4.03,5.68,1.02,-0.24,0.01,-0.10,-0.36,-1.32,-0.23,-0.14,-1.35,0.27,0.24,1.03,-0.42,-4.34,0.56,0.63,0.62,0.61,0.69,0.68,0.72,0.75,0.71,0.72,0.72,0.76,0.78,1.51,0.64,0.76,0.51,1.35,1.71,0.49
2019/10/11 13:00,,-2.94,0.29,1.38,0.67,2.15,4.05,5.70,0.79,-0.23,0.02,-0.09,-0.35,-1.32,-0.23,-0.13,-1.35,0.28,0.25,1.03,-0.42,-4.34,0.82,0.87,0.85,0.84,0.95,0.94,0.95,1.01,0.99,0.99,0.99,1.06,1.07,1.51,0.88,1.08,0.52,1.36,1.77,0.49
2019/10/11 14:00,,-2.89,0.31,1.41,0.67,2.16,4.05,6.32,0.62,-0.22,0.03,-0.08,-0.36,-1.31,-0.23,-0.13,-1.35,0.28,0.25,1.03,-0.42,-4.34,1.24,1.28,1.26,1.24,1.33,1.35,1.31,1.42,1.41,1.35,1.34,1.42,1.44,1.52,1.28,1.45,0.52,1.36,1.78,0.50
2019/10/11 15:00,,-2.88,0.31,1.43,0.69,2.16,4.06,6.17,0.60,-0.21,0.04,-0.08,-0.36,-1.31,-0.23,-0.13,-1.35,0.28,0.26,1.04,-0.42,-4.34,1.73,1.73,1.69,1.68,1.71,1.70,1.64,1.76,1.73,1.68,1.67,1.72,1.73,1.65,1.72,1.74,0.52,1.36,1.81,0.54
2019/10/11 16:00,,-2.83,0.35,1.43,0.72,2.16,4.06,5.95,0.51,-0.11,0.06,-0.07,-0.36,-1.31,-0.22,-0.13,-1.35,0.29,0.26,1.05,-0.41,-4.34,2.07,2.06,2.02,2.01,2.02,1.96,1.89,2.01,1.96,1.89,1.88,1.90,1.88,2.03,2.05,1.83,0.52,1.37,1.88,0.57
2019/10/11 17:00,,-2.81,0.36,1.47,0.74,2.17,4.06,5.83,0.49,-0.09,0.11,-0.07,-0.35,-1.29,-0.22,-0.13,-1.34,0.29,0.26,1.06,-0.41,-4.33,2.16,2.14,2.09,2.10,2.07,1.98,1.92,2.04,1.96,1.92,1.91,1.90,1.87,2.25,2.14,1.78,0.53,1.36,1.88,0.60
2019/10/11 18:00,,-2.80,0.40,1.48,0.76,2.19,4.06,5.76,0.48,-0.13,0.22,-0.07,-0.33,-1.29,-0.22,-0.12,-1.34,0.29,0.26,1.07,-0.40,-4.32,1.97,1.94,1.89,1.91,1.86,1.80,1.80,1.85,1.78,1.76,1.76,1.70,1.64,2.19,1.93,1.59,0.53,1.37,1.89,0.65
2019/10/11 19:00,,-2.67,0.40,1.52,0.79,2.20,4.06,5.72,0.48,-0.16,0.19,-0.05,-0.34,-1.28,-0.21,-0.12,-1.34,0.30,0.27,1.07,-0.40,-4.32,1.62,1.60,1.55,1.58,1.57,1.50,1.54,1.55,1.47,1.47,1.50,1.42,1.39,1.99,1.59,1.32,0.54,1.38,1.89,0.72
2019/10/11 20:00,,-2.69,0.44,1.54,0.81,2.22,4.06,5.71,0.48,-0.16,0.17,-0.05,-0.34,-1.28,-0.20,-0.11,-1.33,0.31,0.27,1.08,-0.39,-4.30,1.29,1.29,1.26,1.27,1.28,1.23,1.29,1.29,1.22,1.20,1.23,1.16,1.14,1.80,1.29,1.07,0.57,1.36,1.92,0.74
2019/10/11 21:00,,-2.70,0.48,1.54,0.85,2.25,4.07,5.69,0.48,-0.16,0.15,-0.04,-0.34,-1.28,-0.20,-0.10,-1.34,0.31,0.28,1.08,-0.38,-4.29,1.05,1.04,1.00,1.02,1.03,0.99,1.06,1.05,0.97,0.97,0.99,0.94,0.94,1.69,1.03,0.88,0.57,1.40,1.98,0.75
2019/10/11 22:00,,-2.70,0.47,1.59,0.85,2.29,4.08,5.69,0.48,-0.16,0.15,-0.03,-0.33,-1.28,-0.20,-0.10,-1.34,0.31,0.29,1.09,-0.38,-4.28,0.85,0.86,0.84,0.85,0.87,0.83,0.90,0.89,0.82,0.81,0.83,0.79,0.79,1.64,0.86,0.75,0.57,1.41,1.99,0.77
2019/10/11 23:00,,-2.64,0.47,1.60,0.90,2.33,4.08,5.69,0.48,-0.13,0.15,-0.03,-0.33,-1.28,-0.20,-0.09,-1.34,0.31,0.29,1.09,-0.38,-4.27,0.73,0.74,0.72,0.73,0.79,0.77,0.82,0.83,0.78,0.78,0.79,0.77,0.78,1.64,0.75,0.73,0.58,1.41,2.01,0.78
2019/10/12 00:00,,-2.54,,1.60,0.94,2.38,4.09,5.69,0.48,-0.08,0.16,-0.02,-0.31,-1.28,-0.20,-0.09,-1.34,0.32,0.30,1.10,-0.37,-4.27,0.74,0.77,0.76,0.76,0.84,0.83,0.86,0.90,0.87,0.86,0.87,0.91,0.93,1.67,0.77,0.89,0.60,1.41,2.07,0.81
2019/10/12 01:00,,-2.49,0.52,1.62,0.94,2.43,4.09,5.68,0.49,-0.06,0.22,-0.01,-0.24,-1.26,-0.20,-0.09,-1.34,0.33,0.30,1.13,-0.37,-4.26,0.94,1.00,0.98,0.98,1.07,1.09,1.10,1.15,1.12,1.11,1.11,1.15,1.19,1.72,1.01,1.17,0.67,1.53,2.17,0.86
2019/10/12 02:00,,-2.43,0.60,1.64,0.95,2.48,4.10,5.68,0.49,-0.04,0.26,0.01,-0.20,-1.24,-0.19,-0.08,-1.34,0.33,0.31,1.15,-0.36,-4.25,1.36,1.37,1.34,1.32,1.43,1.42,1.40,1.50,1.48,1.43,1.42,1.50,1.52,1.74,1.38,1.52,0.82,1.53,2.20,0.98
2019/10/12 03:00,,-2.32,0.62,1.69,0.98,2.53,4.11,5.68,0.51,-0.02,0.28,0.03,-0.18,-1.19,-0.17,-0.07,-1.34,0.34,0.32,1.18,-0.35,-4.24,1.80,1.81,1.76,1.75,1.79,1.80,1.74,1.87,1.83,1.75,1.74,1.76,1.77,1.83,1.80,1.76,0.99,1.60,2.23,1.06
2019/10/12 04:00,,-2.27,0.69,1.73,1.04,2.55,4.06,5.69,0.53,0.00,0.30,0.02,-0.16,-1.16,-0.14,-0.06,-1.33,0.35,0.32,1.20,-0.33,-4.22,2.14,2.10,2.06,2.05,2.08,2.02,1.93,2.08,2.02,1.93,1.92,1.93,1.90,2.16,2.08,1.85,1.05,1.72,2.28,1.09
2019/10/12 05:00,,-2.19,0.72,1.78,1.10,2.59,4.05,5.70,0.54,0.04,0.34,0.02,-0.14,-1.14,-0.12,-0.04,-1.34,0.36,0.33,1.22,-0.32,-4.18,2.18,2.14,2.10,2.11,2.11,2.02,1.96,2.07,2.00,1.92,1.91,1.87,1.84,2.37,2.12,1.78,1.15,1.85,2.54,1.15
2019/10/12 06:00,,-2.03,0.73,1.83,1.16,2.65,4.06,5.72,0.56,0.08,0.38,0.04,-0.08,-1.11,-0.10,-0.02,-1.33,0.39,0.35,1.28,-0.29,-4.14,1.97,1.91,1.88,1.89,1.88,1.81,1.82,1.86,1.79,1.77,1.77,1.73,1.74,2.43,1.91,1.67,1.20,2.05,2.79,1.25
2019/10/12 07:00,,-1.53,0.84,1.87,1.25,2.75,4.09,5.75,0.59,0.24,0.48,0.13,0.13,-0.98,-0.05,0.06,-1.28,0.45,0.38,1.62,-0.20,-4.08,1.70,1.72,1.67,1.69,1.66,1.60,1.62,1.66,1.59,1.58,1.60,1.54,1.53,2.78,1.72,1.49,1.24,2.25,3.15,1.47
2019/10/12 08:00,,-0.83,,2.00,1.33,2.88,4.11,5.87,0.81,0.55,0.77,0.38,0.40,-0.61,0.10,0.23,-1.11,0.57,0.44,2.13,0.03,-3.96,1.60,1.57,1.51,1.53,1.50,1.43,1.46,1.49,1.42,1.39,1.42,1.32,1.30,3.38,1.59,1.26,2.11,2.52,4.27,2.16
2019/10/12 09:00,,0.29,1.87,2.32,1.48,3.08,4.13,6.13,1.42,0.86,1.22,0.87,0.82,-0.16,0.45,0.43,-0.93,0.71,0.51,2.33,0.34,-3.66,1.55,1.51,1.44,1.45,1.38,1.34,1.37,1.37,1.37,1.24,1.26,1.09,1.02,3.92,1.56,0.99,3.10,2.93,5.52,2.72
2019/10/12 10:00,,1.30,3.12,2.96,2.01,3.35,4.17,6.72,2.32,1.42,1.77,1.64,1.46,0.61,0.95,0.84,-0.36,1.21,0.63,3.04,0.73,-3.09,1.86,1.53,1.40,1.45,1.29,1.20,1.29,1.26,1.20,1.09,1.10,0.93,0.86,4.76,1.63,0.84,2.89,3.57,6.65,2.72
2019/10/12 11:00,,2.11,4.50,3.69,3.03,3.88,4.25,7.51,3.55,2.19,2.69,2.84,2.53,1.24,1.69,1.39,0.38,1.96,0.96,3.50,1.32,-2.19,2.07,1.71,1.54,1.58,1.36,1.24,1.33,1.28,1.21,1.09,1.10,0.95,0.83,5.07,1.71,0.79,2.74,3.87,7.12,2.72
2019/10/12 12:00,,2.57,5.14,4.41,4.44,4.74,4.41,8.63,4.63,2.70,3.70,4.16,2.75,1.65,2.36,2.09,1.36,2.54,2.16,3.64,1.98,-1.23,2.25,1.77,1.58,1.63,1.36,1.26,1.29,1.31,1.22,1.14,1.13,1.05,0.98,5.24,1.76,0.97,2.92,3.89,7.43,2.84
2019/10/12 13:00,,2.93,,4.83,6.45,6.21,4.74,9.88,5.19,2.82,4.41,5.39,3.05,2.12,2.98,2.77,2.02,2.86,3.06,3.59,2.58,-0.38,2.40,1.80,1.64,1.67,1.42,1.36,1.37,1.42,1.36,1.28,1.27,1.30,1.29,5.26,1.81,1.32,3.29,3.94,8.17,3.31
2019/10/12 14:00,,3.34,5.55,5.00,8.09,7.94,5.31,11.39,5.60,2.89,4.74,6.44,3.05,2.25,3.35,3.38,2.44,3.28,3.76,3.51,3.07,0.51,2.71,2.09,1.96,1.93,1.84,1.82,1.84,1.88,1.88,1.77,1.76,1.78,1.76,5.21,2.11,1.81,,4.28,8.94,3.16
2019/10/12 15:00,,3.77,5.89,5.21,8.42,9.14,6.19,12.08,5.97,3.04,4.94,7.21,3.22,2.34,3.59,4.04,2.70,3.51,4.27,3.76,3.66,1.41,3.42,2.86,2.72,2.81,2.58,2.50,1.91,2.56,2.49,2.41,2.31,2.31,2.23,5.61,2.86,2.21,,4.92,9.89,3.23
2019/10/12 16:00,,4.46,6.16,5.54,8.93,10.02,7.01,12.73,6.21,3.29,5.30,8.00,3.73,2.63,3.92,4.83,3.04,3.73,4.73,4.03,4.46,2.22,3.98,3.37,3.20,3.30,2.93,2.81,2.06,2.88,2.83,2.67,2.56,2.55,2.47,6.21,3.39,2.59,,4.96,10.90,3.24
2019/10/12 17:00,,5.20,,5.94,9.25,10.55,7.49,13.34,6.50,3.51,5.84,9.08,4.08,2.96,4.35,5.67,3.44,3.97,5.22,4.13,5.29,2.94,4.27,3.58,3.40,3.48,3.10,2.99,2.09,3.03,2.90,2.76,2.60,2.66,2.57,6.69,3.60,2.61,,4.99,10.91,3.13
2019/10/12 18:00,,5.11,6.32,6.25,9.81,11.04,7.89,13.80,6.85,3.62,6.39,10.10,4.02,3.11,4.69,6.50,3.77,4.28,5.67,4.03,6.09,3.62,4.46,3.74,3.56,3.63,3.17,3.03,2.12,3.07,2.93,2.77,2.58,2.62,2.56,6.72,3.75,2.49,,5.13,10.71,3.39
2019/10/12 19:00,,5.04,6.18,6.21,10.32,11.64,8.13,14.30,7.43,3.63,6.90,10.95,3.97,3.10,4.94,7.21,4.00,3.73,6.16,3.99,6.84,4.24,4.59,3.84,3.64,3.73,3.16,3.02,2.18,3.07,2.91,2.74,2.64,2.55,2.41,6.64,3.84,2.35,,5.08,10.46,3.34
2019/10/12 20:00,,4.77,6.02,6.14,10.50,12.98,8.36,14.59,8.32,3.57,7.32,11.60,3.85,3.04,5.04,7.84,4.13,3.62,6.24,3.99,7.43,,4.65,3.87,3.66,3.74,3.11,2.94,2.15,2.97,2.68,2.59,2.45,2.39,2.25,6.64,3.85,2.18,,5.16,10.28,3.42
2019/10/12 21:00,,4.80,5.91,6.01,10.44,13.71,8.76,14.46,8.93,3.55,7.47,12.00,3.72,2.98,4.92,7.99,4.07,3.52,6.09,4.05,7.65,,4.76,4.02,3.77,3.86,3.18,2.98,2.13,3.01,2.71,2.60,2.37,2.41,2.33,6.88,4.01,2.21,,5.98,10.34,3.36
2019/10/12 22:00,,4.82,5.92,6.00,10.38,14.19,9.51,14.56,9.20,3.63,7.47,12.16,3.94,2.98,4.92,7.99,4.05,4.39,6.16,4.21,7.73,,4.97,4.36,4.13,4.22,3.71,3.58,2.53,3.59,2.97,3.16,2.73,2.69,2.37,7.54,3.87,2.01,,5.97,10.52,3.43
2019/10/12 23:00,,4.74,5.83,6.00,10.32,14.50,10.52,14.48,9.47,3.63,7.47,12.37,3.89,3.00,4.99,7.99,4.06,3.16,6.28,4.16,7.94,,5.35,4.67,4.38,4.45,3.46,3.20,2.65,3.19,2.40,2.60,2.37,2.23,1.94,7.56,3.44,1.90,,5.90,10.24,3.11
2019/10/13 00:00,,4.44,5.76,5.91,10.24,14.73,11.49,14.44,9.65,3.63,7.47,12.57,3.18,2.81,4.97,7.99,4.03,4.38,6.34,3.98,8.05,,5.77,4.87,4.54,4.59,3.51,3.21,2.24,3.20,1.96,2.56,2.17,2.05,1.64,7.34,3.11,1.41,,5.60,9.27,3.15
2019/10/13 01:00,,3.90,5.44,5.73,10.19,14.87,12.24,14.35,9.78,,7.47,12.60,2.53,2.39,4.87,7.99,3.88,3.18,6.29,3.73,7.94,,6.34,5.21,4.79,4.82,3.68,3.36,2.02,3.35,1.65,2.59,1.95,1.96,1.41,6.99,2.79,0.93,,4.92,8.56,3.25
2019/10/13 02:00,,3.45,,5.40,10.00,15.00,12.71,14.19,9.83,,,12.43,2.00,1.89,4.55,,3.44,3.08,6.11,3.39,7.64,,6.97,5.66,5.20,4.78,3.95,3.55,1.87,3.57,1.59,2.75,1.86,2.10,1.64,6.69,2.45,1.44,,4.56,7.81,3.08
2019/10/13 03:00,,2.96,4.80,5.11,9.72,15.02,12.95,13.92,9.82,,,12.23,1.66,1.38,4.11,,2.85,2.66,5.80,3.14,7.39,,7.47,6.06,5.57,4.72,4.28,3.89,1.99,3.87,2.03,3.04,2.11,2.44,2.14,6.45,2.36,2.10,,4.53,7.05,2.93
2019/10/13 04:00,,2.49,4.45,4.86,9.38,14.97,13.05,13.63,9.73,,,12.02,1.49,1.12,3.61,,2.36,2.39,5.36,2.91,7.11,,7.84,6.41,5.94,4.70,4.60,4.23,1.84,4.20,2.74,3.42,2.69,2.91,2.67,6.23,2.80,2.64,,4.32,6.47,2.71
2019/10/13 05:00,,2.13,,4.60,9.07,14.81,13.08,13.37,9.58,,6.64,11.80,1.36,0.94,3.12,7.16,1.96,2.19,4.88,2.70,6.81,,8.12,6.74,6.16,4.72,4.90,4.51,1.66,4.46,2.89,3.63,2.87,3.07,2.74,6.02,3.21,2.62,,3.91,6.10,2.56
2019/10/13 06:00,,1.79,3.78,4.40,8.79,14.64,13.02,13.09,9.37,,6.34,11.54,1.18,0.79,2.75,6.83,1.67,1.98,4.40,2.52,6.49,,8.33,6.97,5.67,4.73,5.06,4.66,1.43,4.62,2.54,3.66,2.72,2.94,2.42,5.84,3.02,2.16,,3.79,5.79,2.52
2019/10/13 07:00,,1.56,3.62,4.24,8.57,14.41,12.92,12.86,9.13,,6.07,11.30,1.07,0.66,2.50,6.55,1.50,1.80,3.97,2.38,6.15,,8.42,7.05,6.54,4.87,5.07,4.65,1.44,4.64,1.98,3.57,2.35,2.68,1.99,5.65,2.64,1.52,,3.55,5.49,2.53
2019/10/13 08:00,,1.35,,4.12,8.32,14.18,12.81,12.62,8.90,,5.82,11.07,0.97,0.56,2.31,6.30,1.29,1.67,3.59,2.23,5.90,,8.43,7.11,6.56,4.80,5.04,4.64,1.38,4.61,1.49,3.46,2.05,2.50,1.66,5.50,2.21,1.03,,3.59,5.27,2.60
2019/10/13 09:00,,1.19,3.21,3.98,8.16,13.91,12.72,12.38,8.65,,5.57,10.84,0.89,0.46,2.16,6.05,1.13,1.55,3.26,2.13,5.65,,8.47,7.15,6.62,4.80,5.12,4.60,1.38,4.54,1.13,3.42,1.86,2.36,1.49,5.31,1.86,0.80,,3.46,5.01,2.77
2019/10/13 10:00,,1.02,3.17,3.87,7.98,13.66,12.62,12.17,8.41,,5.33,10.59,0.81,0.39,2.01,5.78,1.01,1.46,2.96,2.07,5.38,,8.48,7.16,6.64,4.80,5.06,4.61,1.45,4.52,0.98,3.42,1.77,2.30,1.43,5.12,1.59,0.72,,3.26,4.84,2.62
2019/10/13 11:00,,0.90,2.97,3.78,7.73,13.42,12.48,11.97,8.18,,5.10,10.37,0.73,0.32,1.88,5.54,0.89,1.38,2.72,2.01,5.15,,8.48,7.14,6.64,4.79,5.04,4.61,1.38,4.55,0.87,3.40,1.74,2.29,1.40,4.94,1.43,0.67,,3.21,4.72,2.27
2019/10/13 12:00,,0.81,2.87,3.68,7.48,13.19,12.32,11.78,7.95,,4.89,10.14,0.66,0.27,1.74,5.32,0.78,1.32,2.51,1.96,4.93,,8.43,7.10,6.57,4.76,5.04,4.59,1.45,4.53,0.85,3.38,1.72,2.27,1.38,4.80,1.33,0.69,,3.18,4.55,2.37
2019/10/13 13:00,,0.68,2.83,3.61,7.26,12.94,12.13,11.62,7.75,,4.69,9.90,0.59,0.21,1.62,5.08,0.68,1.26,2.34,1.90,4.69,,8.29,7.01,6.54,4.72,4.94,4.55,1.34,4.49,0.88,3.36,1.73,2.24,1.41,4.68,1.27,0.80,,3.10,4.38,1.86
2019/10/13 14:00,,0.53,2.72,3.56,7.07,12.75,11.93,11.43,7.55,,4.47,9.67,0.54,0.16,1.49,4.83,0.60,1.21,2.19,1.86,4.44,,8.15,6.89,6.38,4.68,4.92,4.42,1.92,4.41,1.13,3.31,1.82,2.24,1.52,4.56,1.28,1.12,,3.04,4.25,1.84
2019/10/13 15:00,,0.38,2.66,3.45,6.87,12.54,11.72,11.23,7.38,,4.25,9.43,0.50,0.11,0.98,4.58,0.52,1.17,2.05,1.82,2.28,,7.96,6.75,6.29,4.64,4.76,4.34,2.00,4.31,1.53,3.28,1.93,2.32,1.74,4.43,1.54,1.48,,2.94,4.12,1.95
2019/10/13 16:00,,0.29,2.53,3.34,6.71,12.36,11.50,11.05,7.24,,4.04,9.18,0.46,0.07,1.21,4.34,0.45,1.14,1.91,1.77,2.28,,7.78,6.61,6.14,4.59,4.74,4.26,2.16,4.24,1.90,3.27,2.12,2.45,1.99,4.32,1.95,1.82,,2.94,4.08,1.79
2019/10/13 17:00,,0.23,2.44,3.29,6.47,12.22,11.28,10.88,7.10,,3.83,8.93,0.43,0.03,1.23,4.08,0.38,1.09,1.79,1.75,2.28,,7.62,6.45,6.02,4.54,4.65,4.20,2.30,4.20,2.07,3.29,2.26,2.52,2.10,4.28,2.21,1.94,,2.95,4.07,1.80
2019/10/13 18:00,,0.17,2.43,3.24,6.28,12.03,11.05,10.74,6.98,,3.64,8.68,0.39,0.00,1.15,3.84,0.32,1.06,1.67,1.72,3.42,,7.40,6.31,5.81,4.47,4.56,4.14,2.33,4.13,1.98,3.25,2.28,2.46,2.00,4.24,2.21,1.78,,2.94,3.99,1.79
2019/10/13 19:00,,0.07,2.45,3.20,6.12,11.90,10.82,10.57,6.86,,3.32,8.44,0.36,-0.03,1.10,3.60,0.27,1.02,1.56,1.69,2.28,,7.22,6.13,5.72,4.41,4.46,4.03,2.23,4.02,1.69,3.14,2.15,2.29,1.74,4.20,2.00,1.45,,2.85,3.96,1.72
2019/10/13 20:00,,0.02,2.36,3.16,5.95,11.75,10.58,10.40,6.74,,3.09,8.18,0.34,-0.07,1.03,3.37,0.21,0.99,1.47,1.67,2.28,,7.05,5.97,5.57,4.33,4.31,3.85,2.08,3.87,1.32,2.97,1.95,2.09,1.47,4.13,1.72,1.04,,2.84,3.93,1.70
2019/10/13 21:00,,0.01,2.33,3.13,5.82,11.63,10.35,10.22,6.64,,2.91,7.95,0.32,-0.10,0.99,3.13,0.17,0.97,1.38,1.64,,,6.77,5.77,5.35,4.26,4.15,3.72,1.93,3.72,0.97,2.82,1.79,1.91,1.23,4.04,1.42,0.68,,2.74,3.87,1.67
2019/10/13 22:00,,-0.05,2.35,3.10,5.66,11.50,10.11,10.12,6.55,,2.69,7.71,0.30,-0.12,0.90,2.90,0.12,0.93,1.32,1.63,,,6.55,5.56,5.16,4.17,3.99,3.56,1.80,3.55,0.69,2.68,1.63,1.76,1.07,3.92,1.16,0.45,,2.74,3.83,1.52
2019/10/13 23:00,,-0.10,2.27,3.09,5.52,11.39,9.87,9.96,6.47,,2.51,7.49,0.27,-0.15,0.86,2.68,0.08,0.91,1.25,1.62,,,6.29,5.34,4.96,4.10,3.83,3.39,1.71,3.41,0.56,2.56,1.53,1.65,1.00,3.80,0.95,0.43,,2.73,3.80,1.58
2019/10/14 00:00,,-0.14,2.24,3.06,5.41,11.28,9.63,9.73,6.38,,2.32,7.24,0.25,-0.19,0.82,2.46,0.04,0.89,1.21,1.60,,,6.10,5.14,4.73,4.00,3.67,3.27,1.64,3.27,0.58,2.45,1.47,1.59,0.98,3.68,0.85,0.53,,2.73,3.75,1.48
2019/10/14 01:00,,-0.22,2.19,3.02,5.29,11.19,9.42,9.54,6.30,,2.17,6.98,0.24,-0.21,0.78,2.25,0.00,0.87,1.17,1.60,,,5.92,4.96,4.58,3.88,3.55,3.14,1.62,3.14,0.76,2.37,1.47,1.58,1.07,3.54,0.87,0.74,,2.73,3.75,1.49
2019/10/14 02:00,,-0.38,2.15,2.96,5.14,11.07,9.20,9.48,6.23,,2.09,6.70,0.21,-0.23,0.75,2.05,-0.03,0.85,1.13,1.59,,,5.70,4.80,4.41,3.75,3.42,3.05,1.63,3.05,1.05,2.33,1.51,1.63,1.25,3.43,1.06,1.03,,2.60,3.71,1.46
2019/10/14 03:00,,-0.38,2.06,2.93,5.00,10.99,8.98,9.31,6.15,,1.96,6.45,0.20,-0.25,0.72,1.85,-0.06,0.83,1.10,1.58,,,5.49,4.65,4.27,3.62,3.32,2.98,1.71,3.00,1.40,2.35,1.63,1.77,1.48,3.33,1.39,1.37,,2.62,3.70,1.43
2019/10/14 04:00,,-0.34,2.06,2.88,4.86,10.88,8.77,9.12,6.09,,1.94,6.21,0.19,-0.27,0.69,1.71,-0.09,0.81,1.08,1.57,,,5.33,4.47,4.15,3.56,3.30,2.97,1.84,2.98,1.70,2.41,1.80,1.93,1.71,3.24,1.76,1.64,,2.62,3.66,1.41
2019/10/14 05:00,,-0.45,2.09,2.85,4.66,10.77,8.56,8.94,6.02,,1.90,5.91,0.17,-0.29,0.66,1.56,-0.12,0.80,1.06,1.56,,,5.16,4.35,4.03,3.45,3.26,2.96,1.99,2.97,1.88,2.47,1.96,2.05,1.86,3.18,1.96,1.80,,2.48,3.60,2.06
2019/10/14 06:00,,-0.54,2.01,2.88,4.51,10.60,8.35,8.78,5.95,,1.83,5.67,0.16,-0.31,0.63,1.49,-0.15,0.78,1.04,1.54,,,5.03,4.25,3.94,3.26,3.23,2.94,2.06,2.96,1.91,2.48,2.03,2.10,1.90,3.15,2.01,1.83,,2.48,3.55,2.08
2019/10/14 07:00,,-0.57,1.96,2.81,4.36,10.38,8.13,8.64,5.88,,1.78,5.41,0.14,-0.32,0.61,1.45,-0.17,0.76,1.02,1.54,,,4.90,4.12,3.84,3.10,3.16,2.88,2.06,2.90,1.81,2.43,2.00,2.02,1.80,3.17,1.96,1.70,,2.48,3.51,1.95
2019/10/14 08:00,,-0.64,,2.73,4.23,10.12,7.93,8.49,5.79,,1.76,5.15,0.13,-0.33,0.58,1.40,-0.20,0.75,1.00,1.53,,,4.77,3.96,3.69,3.15,3.01,2.74,1.96,2.75,1.55,2.27,1.86,1.81,1.55,3.08,1.78,1.41,,2.48,3.47,1.82
2019/10/14 09:00,,-0.78,1.89,2.72,4.03,9.82,7.67,8.33,5.67,,1.72,4.89,0.12,-0.35,0.57,1.36,-0.22,0.73,0.98,1.53,,,4.61,3.79,3.51,3.12,2.83,2.55,1.82,2.57,1.22,2.07,1.67,1.56,1.26,2.99,1.50,1.02,,2.48,3.33,2.04
2019/10/14 10:00,,-0.78,1.80,2.69,3.87,9.53,7.41,8.16,5.57,,1.65,4.65,0.11,-0.35,0.55,1.42,-0.24,0.72,0.97,1.53,,,4.42,3.58,3.31,3.07,2.63,2.34,1.66,2.35,0.86,1.85,1.45,1.30,0.94,2.89,1.20,0.67,,2.48,3.28,2.25
2019/10/14 11:00,,-0.86,1.76,2.60,3.71,9.21,7.14,7.96,5.43,,1.63,4.45,0.10,-0.36,0.53,1.41,-0.26,0.70,0.95,1.52,,,4.21,3.35,3.09,3.01,2.41,2.14,1.52,2.16,0.61,1.66,1.28,1.10,0.75,2.81,0.91,0.48,,2.38,3.27,2.33
2019/10/14 12:00,,-0.96,1.75,2.57,3.51,8.92,6.79,7.82,5.27,,1.58,4.21,0.08,-0.38,0.51,1.38,-0.29,0.69,0.94,1.51,0.79,,4.01,3.12,2.87,2.94,2.22,1.95,1.40,1.98,0.53,1.52,1.16,1.00,0.70,2.73,0.72,0.48,,2.38,3.24,2.42
2019/10/14 13:00,,-0.95,1.69,2.56,3.34,8.57,6.47,7.64,5.07,,1.55,3.99,0.08,-0.40,0.50,1.45,-0.30,0.68,0.93,1.51,0.83,,3.78,2.92,2.67,2.74,2.09,1.84,1.34,1.87,0.71,1.47,1.12,1.06,0.84,2.64,0.67,0.73,,2.37,3.22,2.49
2019/10/14 14:00,,-0.92,1.70,2.52,3.22,8.26,6.20,7.47,4.84,,1.51,3.80,0.06,-0.41,0.48,1.42,-0.32,0.67,0.92,1.50,0.81,,3.58,2.74,2.51,2.58,2.01,1.81,1.36,1.85,1.08,1.54,1.25,1.26,1.12,2.58,1.02,1.09,,2.38,3.13,2.49
2019/10/14 15:00,,-0.91,1.71,2.53,3.13,7.94,6.02,7.34,4.57,,1.46,3.61,0.05,-0.42,0.46,1.39,-0.34,0.66,0.91,1.50,0.78,,3.47,2.62,2.43,2.44,2.03,1.89,1.51,1.94,1.50,1.70,1.49,1.54,1.49,2.55,1.50,1.46,,2.38,3.13,2.54
2019/10/14 16:00,,-1.02,1.72,2.53,3.09,7.68,5.80,7.19,4.29,,1.43,3.44,0.05,-0.42,0.45,1.32,-0.35,0.65,0.90,1.50,0.73,,3.44,2.66,2.50,2.55,2.20,2.08,1.79,2.13,1.83,1.95,1.79,1.83,1.76,2.56,1.90,1.74,,2.27,3.09,2.60
2019/10/14 17:00,,-1.02,1.65,2.54,3.10,7.41,5.60,7.07,4.12,,1.41,3.23,0.04,-0.43,0.43,1.21,-0.37,0.64,0.88,1.49,0.64,,3.43,2.73,2.58,2.63,2.33,2.24,1.99,2.28,2.01,2.12,2.00,2.00,1.94,2.63,2.07,1.92,,2.26,3.11,2.64
2019/10/14 18:00,,-1.01,1.63,2.46,3.09,7.23,5.41,6.99,3.96,,1.37,3.00,0.02,-0.44,0.42,1.10,-0.38,0.63,0.88,1.48,0.56,,3.41,2.76,2.62,2.68,2.39,2.29,2.10,2.33,2.00,2.15,2.06,2.01,1.94,2.70,2.09,1.88,,2.27,3.08,2.74
2019/10/14 19:00,,-0.98,1.64,2.46,2.98,7.07,5.24,6.94,3.81,,1.35,2.78,0.02,-0.45,0.41,1.03,-0.40,0.62,0.87,1.49,0.51,,3.34,2.72,2.58,2.65,2.34,2.22,2.06,2.26,1.86,2.07,1.99,1.87,1.77,2.75,1.98,1.72,,2.27,3.07,2.81
2019/10/14 20:00,,-0.98,1.64,2.46,2.94,6.93,5.05,6.89,3.65,,1.33,2.60,0.01,-0.45,0.40,0.97,-0.41,0.61,0.86,1.49,0.48,,3.22,2.60,2.46,2.48,2.17,2.01,2.01,2.07,1.60,1.85,1.81,1.63,1.50,2.76,1.77,1.43,,2.28,3.02,2.77
2019/10/14 21:00,,-0.97,1.65,2.47,2.94,6.77,4.92,6.85,3.48,,1.32,2.46,0.00,-0.45,0.39,0.93,-0.42,0.61,0.86,1.49,0.44,,3.04,2.41,2.26,2.28,1.94,1.77,1.79,1.83,1.26,1.58,1.59,1.31,1.14,2.74,1.50,1.05,,2.28,3.01,2.86
2019/10/14 22:00,,-1.01,1.64,2.48,2.93,6.62,4.76,6.83,3.33,,1.31,2.32,-0.01,-0.47,0.38,0.88,-0.43,0.60,0.85,1.48,0.41,,2.84,2.20,2.04,2.07,1.73,1.55,1.58,1.60,0.92,1.34,1.34,1.03,0.83,2.69,1.20,0.71,,2.28,2.97,2.90
2019/10/14 23:00,,-1.02,1.61,2.46,2.93,6.50,4.59,6.81,3.19,,1.28,2.19,-0.02,-0.47,0.37,0.83,-0.45,0.59,0.85,1.48,0.37,,2.65,1.99,1.83,1.86,1.51,1.35,1.37,1.39,0.67,1.14,1.15,0.81,0.62,2.59,0.93,0.49,,2.27,2.95,2.84
2019/10/15 00:00,,-1.04,1.61,2.45,2.90,6.41,4.47,6.78,3.07,,1.25,2.06,-0.03,-0.48,0.36,0.81,-0.46,0.58,0.84,1.46,0.35,,2.44,1.82,1.65,1.68,1.34,1.20,1.21,1.23,0.54,1.00,1.00,0.70,0.55,2.51,0.74,0.46,,2.27,2.93,2.91
2019/10/15 01:00,,-1.08,1.58,2.44,2.86,6.34,4.57,6.75,2.99,,1.23,1.97,-0.04,-0.48,0.35,0.77,-0.47,0.57,0.83,1.46,0.33,,2.18,1.61,1.46,1.49,1.22,1.09,1.11,1.14,0.62,0.95,0.95,0.75,0.67,2.41,0.66,0.61,,2.28,2.92,2.92
2019/10/15 02:00,,-1.06,1.56,2.41,2.85,6.26,4.56,6.71,2.90,,1.21,1.92,-0.05,-0.50,0.34,0.74,-0.48,0.56,0.82,1.45,0.31,,2.03,1.51,1.38,1.39,1.19,1.10,1.11,1.15,0.91,1.01,1.01,0.94,0.92,2.32,0.81,0.90,,2.21,2.89,2.96
2019/10/15 03:00,,-1.10,1.56,2.40,2.81,6.19,4.52,6.67,2.81,,1.20,1.85,-0.06,-0.51,0.33,0.72,-0.50,0.53,0.81,1.45,0.29,,1.95,1.51,1.41,1.41,1.33,1.32,1.33,1.38,1.34,1.31,1.31,1.33,1.31,2.26,1.23,1.31,,2.21,2.88,2.95
2019/10/15 04:00,,-1.13,1.53,2.39,2.75,6.11,4.49,6.63,2.74,,1.18,1.78,-0.06,-0.51,0.32,0.69,-0.51,0.52,0.80,1.44,0.27,,1.98,1.72,1.67,1.65,1.70,1.70,1.70,1.76,1.74,1.69,1.70,1.69,1.68,2.25,1.71,1.66,,2.21,2.84,2.98
2019/10/15 05:00,,-1.12,1.51,2.37,2.74,6.03,4.45,6.59,2.66,,1.16,1.71,-0.07,-0.51,0.31,0.67,-0.53,0.51,0.80,1.43,0.25,,2.18,2.03,1.99,1.98,2.02,1.98,1.97,2.04,2.01,1.96,1.97,1.94,1.92,2.36,2.03,1.90,,2.21,2.81,3.03
2019/10/15 06:00,,-1.16,,2.35,2.70,5.93,4.43,6.55,2.60,,1.15,1.65,-0.08,-0.52,0.30,0.65,-0.54,0.49,0.79,1.43,0.23,,2.38,2.22,2.18,2.18,2.16,2.10,2.10,2.16,2.07,2.06,2.07,2.02,1.98,2.48,2.21,1.96,,2.21,2.79,3.05
2019/10/15 07:00,,-1.18,1.48,2.34,2.66,5.85,4.39,6.52,2.55,,1.13,1.60,-0.09,-0.53,0.29,0.63,-0.55,0.48,0.78,1.43,0.22,,2.42,2.21,2.16,2.17,2.11,2.04,2.05,2.10,1.99,1.99,2.00,1.91,1.87,2.56,2.20,1.84,,2.21,2.77,3.03
2019/10/15 08:00,,-1.24,1.46,2.31,2.63,5.77,4.37,6.49,2.50,,1.11,1.54,-0.09,-0.53,0.28,0.60,-0.56,0.47,0.78,1.43,0.21,,2.32,2.08,2.03,2.04,1.97,1.88,1.89,1.93,1.78,1.80,1.81,1.68,1.63,2.56,2.07,1.59,,2.21,2.75,3.04
2019/10/15 09:00,,-1.24,,2.29,2.60,5.69,4.36,6.45,2.45,,1.10,1.50,-0.10,-0.54,0.28,0.60,-0.57,0.46,0.77,1.43,0.19,,2.17,1.88,1.81,1.83,1.73,1.64,1.66,1.68,1.50,1.54,1.57,1.40,1.34,2.53,1.85,1.31,,2.20,2.74,3.07
2019/10/15 10:00,,-1.25,1.43,2.25,2.55,,4.31,6.41,2.40,,1.08,1.46,-0.10,-0.54,,0.58,-0.59,0.46,0.76,1.43,0.19,,1.99,1.67,1.59,1.62,1.47,1.38,1.42,1.43,1.18,1.27,1.33,1.11,1.04,2.46,1.64,1.00,,2.20,2.72,3.11
2019/10/15 11:00,,-1.28,1.44,2.24,2.50,5.53,4.27,6.39,2.36,,1.06,1.42,-0.11,-0.55,,0.57,-0.60,0.45,0.76,1.43,0.17,,1.81,1.45,1.36,1.39,1.26,1.16,1.21,1.21,0.94,1.04,1.06,0.88,0.80,2.37,1.41,0.75,,2.14,2.71,3.18
2019/10/15 12:00,,-1.30,,2.24,2.46,5.51,4.30,6.37,2.30,,1.05,1.37,-0.12,-0.55,,0.57,-0.62,0.44,0.75,1.43,0.17,,1.61,1.26,1.17,1.20,1.06,0.97,1.03,1.02,0.77,0.87,0.91,0.72,0.66,2.29,1.22,0.62,,2.14,2.70,3.19
2019/10/15 13:00,,-1.34,1.40,2.22,2.45,5.47,4.29,6.35,2.24,,1.04,1.35,-0.12,-0.56,,0.55,-0.62,0.43,0.75,1.42,0.15,,1.48,1.09,1.01,1.03,0.93,0.87,0.93,0.93,0.75,0.81,0.81,0.77,0.74,2.22,1.06,0.74,,2.13,2.69,3.21
2019/10/15 14:00,,-1.34,1.39,2.18,2.43,5.45,4.24,6.34,2.19,,1.03,1.32,-0.13,-0.56,0.24,0.53,-0.65,0.42,0.74,1.41,0.14,,1.42,1.08,1.01,1.01,0.99,0.97,1.00,1.03,0.99,0.98,0.99,1.01,1.00,2.17,1.05,1.02,,2.13,2.64,3.21
2019/10/15 15:00,,-1.33,1.38,2.17,2.38,5.42,4.21,6.33,2.11,,1.02,1.28,-0.14,-0.57,0.23,0.52,-0.66,0.42,0.74,1.41,0.13,,1.45,1.30,1.26,1.24,1.35,1.34,1.35,1.41,1.37,1.35,1.36,1.38,1.39,2.14,1.29,1.37,,2.06,2.63,3.20
2019/10/15 16:00,,-1.40,,2.16,2.36,5.36,4.26,6.32,2.03,,1.00,1.25,-0.14,-0.57,0.23,0.51,-0.66,0.41,0.73,1.41,0.12,,1.72,1.71,1.69,1.66,1.75,1.74,1.73,1.81,1.76,1.72,1.73,1.74,1.73,2.12,1.71,1.74,,2.07,2.61,3.22
2019/10/15 17:00,,-1.44,,2.15,2.33,5.30,4.30,6.31,1.96,0.44,0.99,1.23,-0.15,-0.57,0.22,0.50,-0.68,0.40,0.73,1.40,0.12,,2.15,2.10,2.07,2.05,2.07,2.03,1.99,2.08,2.01,1.98,1.98,1.96,1.94,2.25,2.09,1.93,,2.07,2.60,3.25
2019/10/15 18:00,,-1.45,1.33,2.12,2.31,5.24,4.29,6.30,1.89,0.43,0.98,1.21,-0.15,-0.57,0.22,0.49,-0.68,0.39,0.72,1.39,0.11,,2.37,2.27,2.23,2.23,2.20,2.12,2.10,2.18,2.11,2.07,2.07,2.01,1.96,2.48,2.26,1.94,,1.93,2.58,3.26
2019/10/15 19:00,,-1.44,1.32,2.09,2.27,5.19,4.28,6.29,1.84,0.43,0.97,1.18,-0.16,-0.57,0.22,0.47,-0.68,0.39,0.72,1.46,0.10,,2.35,2.17,2.11,2.13,2.05,1.96,1.98,1.99,1.91,1.90,1.92,1.79,1.76,2.56,2.15,1.73,,1.93,2.55,3.27
2019/10/15 20:00,,-1.48,1.31,2.09,2.22,5.14,4.23,6.28,1.79,0.44,0.96,1.16,-0.16,-0.57,0.21,0.47,-0.69,0.38,0.71,1.53,0.11,,2.16,1.94,1.86,1.90,1.79,1.71,1.73,1.73,1.63,1.64,1.65,1.51,1.46,2.50,1.92,1.44,,1.94,2.53,3.32
2019/10/15 21:00,,-1.50,1.30,2.08,2.19,5.06,4.20,6.27,1.74,0.43,0.97,1.14,-0.15,-0.57,0.21,0.47,-0.70,0.38,0.71,1.49,0.12,,1.94,1.70,1.62,1.66,1.53,1.43,1.48,1.43,1.33,1.35,1.39,1.19,1.12,2.40,1.67,1.10,,1.93,2.50,3.37
2019/10/15 22:00,,-1.50,1.28,2.05,2.20,4.99,4.16,6.26,1.68,0.43,0.97,1.13,-0.14,-0.57,0.21,0.47,-0.70,0.37,0.71,1.47,0.11,,1.72,1.45,1.37,1.40,1.27,1.17,1.23,1.15,1.03,1.06,1.09,0.89,0.79,2.29,1.42,0.75,,1.93,2.47,3.34
2019/10/15 23:00,,-1.59,1.28,2.04,2.15,4.93,4.20,6.25,1.61,0.43,0.97,1.11,-0.13,-0.57,0.21,0.47,-0.70,0.37,0.70,1.47,0.10,,1.48,1.19,1.10,1.15,0.99,0.90,0.98,0.89,0.72,0.80,0.81,0.64,0.54,2.19,1.16,0.48,,1.93,2.46,3.39